model_type,data_profile,mse,leakage_rate,lambda_reg,window_size,n_layers,lag,seed,reservoir_size,spectral_radius,sparsity
QRC,Classic_Chaos_(tau=17),0.0010604346846071655,0.1,1e-08,4,2.0,0.0,2025,,,
QRC,Classic_Chaos_(tau=17),0.0008263281820950749,0.1,1e-08,4,3.0,0.0,2025,,,
QRC,Classic_Chaos_(tau=17),0.0009702152104899797,0.1,1e-08,4,4.0,0.0,2025,,,
QRC,Classic_Chaos_(tau=17),0.0004700233598567644,0.1,1e-08,6,2.0,0.0,2025,,,
QRC,Classic_Chaos_(tau=17),0.0005782005725970994,0.1,1e-08,6,3.0,0.0,2025,,,
QRC,Classic_Chaos_(tau=17),0.00039611352605642435,0.1,1e-08,6,4.0,0.0,2025,,,
QRC,Classic_Chaos_(tau=17),0.0003011130088055057,0.1,1e-08,8,2.0,0.0,2025,,,
QRC,Classic_Chaos_(tau=17),0.00026601747195307966,0.1,1e-08,8,3.0,0.0,2025,,,
QRC,Classic_Chaos_(tau=17),0.000286154649236798,0.1,1e-08,8,4.0,0.0,2025,,,
QRC,Classic_Chaos_(tau=17),0.00011842241717713561,0.1,1e-08,10,2.0,0.0,2025,,,
QRC,Classic_Chaos_(tau=17),0.00012369543894842988,0.1,1e-08,10,3.0,0.0,2025,,,
QRC,Classic_Chaos_(tau=17),0.0001788467938088749,0.1,1e-08,10,4.0,0.0,2025,,,
QRC,Classic_Chaos_(tau=17),0.00012505686177248938,0.3,1e-08,4,2.0,0.0,2025,,,
QRC,Classic_Chaos_(tau=17),0.00015323245958841518,0.3,1e-08,4,3.0,0.0,2025,,,
QRC,Classic_Chaos_(tau=17),0.00014424087082670823,0.3,1e-08,4,4.0,0.0,2025,,,
QRC,Classic_Chaos_(tau=17),3.625131571036423e-05,0.3,1e-08,6,2.0,0.0,2025,,,
QRC,Classic_Chaos_(tau=17),5.311659087020301e-05,0.3,1e-08,6,3.0,0.0,2025,,,
QRC,Classic_Chaos_(tau=17),0.0001443867243400075,0.3,1e-08,6,4.0,0.0,2025,,,
QRC,Classic_Chaos_(tau=17),2.4358367077786905e-05,0.3,1e-08,8,2.0,0.0,2025,,,
QRC,Classic_Chaos_(tau=17),3.0448604804594373e-05,0.3,1e-08,8,3.0,0.0,2025,,,
QRC,Classic_Chaos_(tau=17),2.985112838339463e-05,0.3,1e-08,8,4.0,0.0,2025,,,
QRC,Classic_Chaos_(tau=17),3.811921877607179e-05,0.3,1e-08,10,2.0,0.0,2025,,,
QRC,Classic_Chaos_(tau=17),3.782237802437651e-05,0.3,1e-08,10,3.0,0.0,2025,,,
QRC,Classic_Chaos_(tau=17),3.4482121421247486e-05,0.3,1e-08,10,4.0,0.0,2025,,,
QRC,Classic_Chaos_(tau=17),7.769553459473413e-05,0.5,1e-08,4,2.0,0.0,2025,,,
QRC,Classic_Chaos_(tau=17),7.882922529947703e-05,0.5,1e-08,4,3.0,0.0,2025,,,
QRC,Classic_Chaos_(tau=17),7.18956115049436e-05,0.5,1e-08,4,4.0,0.0,2025,,,
QRC,Classic_Chaos_(tau=17),3.4370600773073573e-05,0.5,1e-08,6,2.0,0.0,2025,,,
QRC,Classic_Chaos_(tau=17),3.2344206055953896e-05,0.5,1e-08,6,3.0,0.0,2025,,,
QRC,Classic_Chaos_(tau=17),8.653039530249103e-05,0.5,1e-08,6,4.0,0.0,2025,,,
QRC,Classic_Chaos_(tau=17),2.6406618082806152e-05,0.5,1e-08,8,2.0,0.0,2025,,,
QRC,Classic_Chaos_(tau=17),2.9675399154706798e-05,0.5,1e-08,8,3.0,0.0,2025,,,
QRC,Classic_Chaos_(tau=17),2.47620088586414e-05,0.5,1e-08,8,4.0,0.0,2025,,,
QRC,Classic_Chaos_(tau=17),1.3181557239796854e-05,0.5,1e-08,10,2.0,0.0,2025,,,
QRC,Classic_Chaos_(tau=17),8.419475645089999e-06,0.5,1e-08,10,3.0,0.0,2025,,,
QRC,Classic_Chaos_(tau=17),7.843629925716448e-06,0.5,1e-08,10,4.0,0.0,2025,,,
QRC,Classic_Chaos_(tau=17),4.2197160225735047e-05,0.7,1e-08,4,2.0,0.0,2025,,,
QRC,Classic_Chaos_(tau=17),3.716827751414884e-05,0.7,1e-08,4,3.0,0.0,2025,,,
QRC,Classic_Chaos_(tau=17),3.1484983518639007e-05,0.7,1e-08,4,4.0,0.0,2025,,,
QRC,Classic_Chaos_(tau=17),1.5297186435942242e-05,0.7,1e-08,6,2.0,0.0,2025,,,
QRC,Classic_Chaos_(tau=17),1.1508676786157634e-05,0.7,1e-08,6,3.0,0.0,2025,,,
QRC,Classic_Chaos_(tau=17),4.3741229671315156e-05,0.7,1e-08,6,4.0,0.0,2025,,,
QRC,Classic_Chaos_(tau=17),1.4253248433862762e-05,0.7,1e-08,8,2.0,0.0,2025,,,
QRC,Classic_Chaos_(tau=17),1.8847927049886063e-05,0.7,1e-08,8,3.0,0.0,2025,,,
QRC,Classic_Chaos_(tau=17),1.4485851896637525e-05,0.7,1e-08,8,4.0,0.0,2025,,,
QRC,Classic_Chaos_(tau=17),1.186485108651415e-05,0.7,1e-08,10,2.0,0.0,2025,,,
QRC,Classic_Chaos_(tau=17),7.259855609289447e-06,0.7,1e-08,10,3.0,0.0,2025,,,
QRC,Classic_Chaos_(tau=17),6.537905656115033e-06,0.7,1e-08,10,4.0,0.0,2025,,,
QRC,Classic_Chaos_(tau=17),2.489425705995797e-05,0.9,1e-08,4,2.0,0.0,2025,,,
QRC,Classic_Chaos_(tau=17),1.6954348492346963e-05,0.9,1e-08,4,3.0,0.0,2025,,,
QRC,Classic_Chaos_(tau=17),1.3340047828794674e-05,0.9,1e-08,4,4.0,0.0,2025,,,
QRC,Classic_Chaos_(tau=17),5.910887548719019e-06,0.9,1e-08,6,2.0,0.0,2025,,,
QRC,Classic_Chaos_(tau=17),2.7327537020737146e-06,0.9,1e-08,6,3.0,0.0,2025,,,
QRC,Classic_Chaos_(tau=17),2.326809201303025e-05,0.9,1e-08,6,4.0,0.0,2025,,,
QRC,Classic_Chaos_(tau=17),7.419382137580416e-06,0.9,1e-08,8,2.0,0.0,2025,,,
QRC,Classic_Chaos_(tau=17),1.1938676315382681e-05,0.9,1e-08,8,3.0,0.0,2025,,,
QRC,Classic_Chaos_(tau=17),9.271893641633433e-06,0.9,1e-08,8,4.0,0.0,2025,,,
QRC,Classic_Chaos_(tau=17),8.963995414672352e-06,0.9,1e-08,10,2.0,0.0,2025,,,
QRC,Classic_Chaos_(tau=17),4.639824102646956e-06,0.9,1e-08,10,3.0,0.0,2025,,,
QRC,Classic_Chaos_(tau=17),4.369966338426068e-06,0.9,1e-08,10,4.0,0.0,2025,,,
Classical_ESN,Classic_Chaos_(tau=17),0.0077425870393680605,0.1,1e-08,10,,,2025,50.0,0.9,0.1
Classical_ESN,Classic_Chaos_(tau=17),7.653183492134341e-05,0.3,1e-08,10,,,2025,50.0,0.9,0.1
Classical_ESN,Classic_Chaos_(tau=17),9.773768914661674e-05,0.5,1e-08,10,,,2025,50.0,0.9,0.1
Classical_ESN,Classic_Chaos_(tau=17),4.776940771497872e-05,0.7,1e-08,10,,,2025,50.0,0.9,0.1
Classical_ESN,Classic_Chaos_(tau=17),0.00015741245980930522,0.9,1e-08,10,,,2025,50.0,0.9,0.1
Classical_ESN,Classic_Chaos_(tau=17),0.0020536549280063586,0.1,1e-08,10,,,2025,50.0,0.9,0.2
Classical_ESN,Classic_Chaos_(tau=17),2.1186420287118615e-05,0.3,1e-08,10,,,2025,50.0,0.9,0.2
Classical_ESN,Classic_Chaos_(tau=17),0.00018500997158831054,0.5,1e-08,10,,,2025,50.0,0.9,0.2
Classical_ESN,Classic_Chaos_(tau=17),3.749681401146223e-05,0.7,1e-08,10,,,2025,50.0,0.9,0.2
Classical_ESN,Classic_Chaos_(tau=17),0.00018493623386859768,0.9,1e-08,10,,,2025,50.0,0.9,0.2
Classical_ESN,Classic_Chaos_(tau=17),0.0027021492114113754,0.1,1e-08,10,,,2025,50.0,1.1,0.1
Classical_ESN,Classic_Chaos_(tau=17),3.568997759185594e-05,0.3,1e-08,10,,,2025,50.0,1.1,0.1
Classical_ESN,Classic_Chaos_(tau=17),3.616597196797755e-05,0.5,1e-08,10,,,2025,50.0,1.1,0.1
Classical_ESN,Classic_Chaos_(tau=17),3.813033046464548e-05,0.7,1e-08,10,,,2025,50.0,1.1,0.1
Classical_ESN,Classic_Chaos_(tau=17),0.0001056131639174076,0.9,1e-08,10,,,2025,50.0,1.1,0.1
Classical_ESN,Classic_Chaos_(tau=17),0.003569725897602511,0.1,1e-08,10,,,2025,50.0,1.1,0.2
Classical_ESN,Classic_Chaos_(tau=17),0.00017802544255409892,0.3,1e-08,10,,,2025,50.0,1.1,0.2
Classical_ESN,Classic_Chaos_(tau=17),0.0003808673550411254,0.5,1e-08,10,,,2025,50.0,1.1,0.2
Classical_ESN,Classic_Chaos_(tau=17),3.417551500248569e-05,0.7,1e-08,10,,,2025,50.0,1.1,0.2
Classical_ESN,Classic_Chaos_(tau=17),0.00016631090519765517,0.9,1e-08,10,,,2025,50.0,1.1,0.2
Classical_ESN,Classic_Chaos_(tau=17),0.001208630116146874,0.1,1e-08,10,,,2025,50.0,1.25,0.1
Classical_ESN,Classic_Chaos_(tau=17),0.00015903207224445535,0.3,1e-08,10,,,2025,50.0,1.25,0.1
Classical_ESN,Classic_Chaos_(tau=17),0.0003369601960988989,0.5,1e-08,10,,,2025,50.0,1.25,0.1
Classical_ESN,Classic_Chaos_(tau=17),0.00019749938923935861,0.7,1e-08,10,,,2025,50.0,1.25,0.1
Classical_ESN,Classic_Chaos_(tau=17),0.00033513441260675574,0.9,1e-08,10,,,2025,50.0,1.25,0.1
Classical_ESN,Classic_Chaos_(tau=17),0.002805855491708916,0.1,1e-08,10,,,2025,50.0,1.25,0.2
Classical_ESN,Classic_Chaos_(tau=17),0.0004944582560802189,0.3,1e-08,10,,,2025,50.0,1.25,0.2
Classical_ESN,Classic_Chaos_(tau=17),0.00055075436278652,0.5,1e-08,10,,,2025,50.0,1.25,0.2
Classical_ESN,Classic_Chaos_(tau=17),0.00031669072102412827,0.7,1e-08,10,,,2025,50.0,1.25,0.2
Classical_ESN,Classic_Chaos_(tau=17),0.0002345915533979219,0.9,1e-08,10,,,2025,50.0,1.25,0.2
Classical_ESN,Classic_Chaos_(tau=17),0.0025318308415023406,0.1,1e-08,10,,,2025,100.0,0.9,0.1
Classical_ESN,Classic_Chaos_(tau=17),0.005067891141371867,0.3,1e-08,10,,,2025,100.0,0.9,0.1
Classical_ESN,Classic_Chaos_(tau=17),0.0006562509727359977,0.5,1e-08,10,,,2025,100.0,0.9,0.1
Classical_ESN,Classic_Chaos_(tau=17),0.0003894500698215012,0.7,1e-08,10,,,2025,100.0,0.9,0.1
Classical_ESN,Classic_Chaos_(tau=17),0.0006265539721410068,0.9,1e-08,10,,,2025,100.0,0.9,0.1
Classical_ESN,Classic_Chaos_(tau=17),0.0024613919082359273,0.1,1e-08,10,,,2025,100.0,0.9,0.2
Classical_ESN,Classic_Chaos_(tau=17),0.0002461335251439294,0.3,1e-08,10,,,2025,100.0,0.9,0.2
Classical_ESN,Classic_Chaos_(tau=17),2.36803458860199e-05,0.5,1e-08,10,,,2025,100.0,0.9,0.2
Classical_ESN,Classic_Chaos_(tau=17),0.0002702817504820222,0.7,1e-08,10,,,2025,100.0,0.9,0.2
Classical_ESN,Classic_Chaos_(tau=17),0.0005389791550930745,0.9,1e-08,10,,,2025,100.0,0.9,0.2
Classical_ESN,Classic_Chaos_(tau=17),0.002269840892196988,0.1,1e-08,10,,,2025,100.0,1.1,0.1
Classical_ESN,Classic_Chaos_(tau=17),0.0009590996458797924,0.3,1e-08,10,,,2025,100.0,1.1,0.1
Classical_ESN,Classic_Chaos_(tau=17),0.00029163778237451535,0.5,1e-08,10,,,2025,100.0,1.1,0.1
Classical_ESN,Classic_Chaos_(tau=17),0.00013509265221352666,0.7,1e-08,10,,,2025,100.0,1.1,0.1
Classical_ESN,Classic_Chaos_(tau=17),0.0002464201081180239,0.9,1e-08,10,,,2025,100.0,1.1,0.1
Classical_ESN,Classic_Chaos_(tau=17),0.006683512364338572,0.1,1e-08,10,,,2025,100.0,1.1,0.2
Classical_ESN,Classic_Chaos_(tau=17),0.0019890111837493267,0.3,1e-08,10,,,2025,100.0,1.1,0.2
Classical_ESN,Classic_Chaos_(tau=17),0.001336255258376701,0.5,1e-08,10,,,2025,100.0,1.1,0.2
Classical_ESN,Classic_Chaos_(tau=17),0.0011594169153477912,0.7,1e-08,10,,,2025,100.0,1.1,0.2
Classical_ESN,Classic_Chaos_(tau=17),0.0013074522489979676,0.9,1e-08,10,,,2025,100.0,1.1,0.2
Classical_ESN,Classic_Chaos_(tau=17),0.018047133959485956,0.1,1e-08,10,,,2025,100.0,1.25,0.1
Classical_ESN,Classic_Chaos_(tau=17),0.0007101599526184498,0.3,1e-08,10,,,2025,100.0,1.25,0.1
Classical_ESN,Classic_Chaos_(tau=17),0.00030024158157841523,0.5,1e-08,10,,,2025,100.0,1.25,0.1
Classical_ESN,Classic_Chaos_(tau=17),0.00010130376377302943,0.7,1e-08,10,,,2025,100.0,1.25,0.1
Classical_ESN,Classic_Chaos_(tau=17),0.00015969403834727552,0.9,1e-08,10,,,2025,100.0,1.25,0.1
Classical_ESN,Classic_Chaos_(tau=17),0.004732799770455888,0.1,1e-08,10,,,2025,100.0,1.25,0.2
Classical_ESN,Classic_Chaos_(tau=17),0.015027510344463611,0.3,1e-08,10,,,2025,100.0,1.25,0.2
Classical_ESN,Classic_Chaos_(tau=17),0.00044907612305883707,0.5,1e-08,10,,,2025,100.0,1.25,0.2
Classical_ESN,Classic_Chaos_(tau=17),0.0015768119331843347,0.7,1e-08,10,,,2025,100.0,1.25,0.2
Classical_ESN,Classic_Chaos_(tau=17),0.0027754899609394304,0.9,1e-08,10,,,2025,100.0,1.25,0.2
Classical_ESN,Classic_Chaos_(tau=17),0.01186910430954327,0.1,1e-08,10,,,2025,150.0,0.9,0.1
Classical_ESN,Classic_Chaos_(tau=17),0.0014966882163643498,0.3,1e-08,10,,,2025,150.0,0.9,0.1
Classical_ESN,Classic_Chaos_(tau=17),0.003396445438398288,0.5,1e-08,10,,,2025,150.0,0.9,0.1
Classical_ESN,Classic_Chaos_(tau=17),0.0010861397843592209,0.7,1e-08,10,,,2025,150.0,0.9,0.1
Classical_ESN,Classic_Chaos_(tau=17),0.001044005977298146,0.9,1e-08,10,,,2025,150.0,0.9,0.1
Classical_ESN,Classic_Chaos_(tau=17),0.003460712491517834,0.1,1e-08,10,,,2025,150.0,0.9,0.2
Classical_ESN,Classic_Chaos_(tau=17),0.00018625718705262431,0.3,1e-08,10,,,2025,150.0,0.9,0.2
Classical_ESN,Classic_Chaos_(tau=17),0.001587212544431102,0.5,1e-08,10,,,2025,150.0,0.9,0.2
Classical_ESN,Classic_Chaos_(tau=17),0.0011261704670634286,0.7,1e-08,10,,,2025,150.0,0.9,0.2
Classical_ESN,Classic_Chaos_(tau=17),0.0004753123185580636,0.9,1e-08,10,,,2025,150.0,0.9,0.2
Classical_ESN,Classic_Chaos_(tau=17),0.0031394509834666265,0.1,1e-08,10,,,2025,150.0,1.1,0.1
Classical_ESN,Classic_Chaos_(tau=17),0.0004663290537180622,0.3,1e-08,10,,,2025,150.0,1.1,0.1
Classical_ESN,Classic_Chaos_(tau=17),0.000340877273996512,0.5,1e-08,10,,,2025,150.0,1.1,0.1
Classical_ESN,Classic_Chaos_(tau=17),0.00011718245120235363,0.7,1e-08,10,,,2025,150.0,1.1,0.1
Classical_ESN,Classic_Chaos_(tau=17),0.00028085824611268653,0.9,1e-08,10,,,2025,150.0,1.1,0.1
Classical_ESN,Classic_Chaos_(tau=17),0.007927628040688446,0.1,1e-08,10,,,2025,150.0,1.1,0.2
Classical_ESN,Classic_Chaos_(tau=17),0.0009905877799860306,0.3,1e-08,10,,,2025,150.0,1.1,0.2
Classical_ESN,Classic_Chaos_(tau=17),0.0004918422874206306,0.5,1e-08,10,,,2025,150.0,1.1,0.2
Classical_ESN,Classic_Chaos_(tau=17),0.00026807323013595746,0.7,1e-08,10,,,2025,150.0,1.1,0.2
Classical_ESN,Classic_Chaos_(tau=17),0.000482537348257136,0.9,1e-08,10,,,2025,150.0,1.1,0.2
Classical_ESN,Classic_Chaos_(tau=17),0.008636815706048887,0.1,1e-08,10,,,2025,150.0,1.25,0.1
Classical_ESN,Classic_Chaos_(tau=17),0.00014990385965507556,0.3,1e-08,10,,,2025,150.0,1.25,0.1
Classical_ESN,Classic_Chaos_(tau=17),5.212308168987067e-05,0.5,1e-08,10,,,2025,150.0,1.25,0.1
Classical_ESN,Classic_Chaos_(tau=17),0.00014803964481988516,0.7,1e-08,10,,,2025,150.0,1.25,0.1
Classical_ESN,Classic_Chaos_(tau=17),0.0002553185432611116,0.9,1e-08,10,,,2025,150.0,1.25,0.1
Classical_ESN,Classic_Chaos_(tau=17),0.008439970636164825,0.1,1e-08,10,,,2025,150.0,1.25,0.2
Classical_ESN,Classic_Chaos_(tau=17),0.0009096774686760431,0.3,1e-08,10,,,2025,150.0,1.25,0.2
Classical_ESN,Classic_Chaos_(tau=17),8.675309013743159e-05,0.5,1e-08,10,,,2025,150.0,1.25,0.2
Classical_ESN,Classic_Chaos_(tau=17),0.00026029229842423467,0.7,1e-08,10,,,2025,150.0,1.25,0.2
Classical_ESN,Classic_Chaos_(tau=17),0.0002541643208374328,0.9,1e-08,10,,,2025,150.0,1.25,0.2
QRC,Complex_Chaos_(tau=30),0.0030647387509177056,0.1,1e-08,4,2.0,0.0,2025,,,
QRC,Complex_Chaos_(tau=30),0.0031414930901094117,0.1,1e-08,4,3.0,0.0,2025,,,
QRC,Complex_Chaos_(tau=30),0.0030209152459455234,0.1,1e-08,4,4.0,0.0,2025,,,
QRC,Complex_Chaos_(tau=30),0.0024861034582750003,0.1,1e-08,6,2.0,0.0,2025,,,
QRC,Complex_Chaos_(tau=30),0.002564261124243925,0.1,1e-08,6,3.0,0.0,2025,,,
QRC,Complex_Chaos_(tau=30),0.002527433244858064,0.1,1e-08,6,4.0,0.0,2025,,,
QRC,Complex_Chaos_(tau=30),0.002182992209445443,0.1,1e-08,8,2.0,0.0,2025,,,
QRC,Complex_Chaos_(tau=30),0.002131667497955492,0.1,1e-08,8,3.0,0.0,2025,,,
QRC,Complex_Chaos_(tau=30),0.0021484067550324045,0.1,1e-08,8,4.0,0.0,2025,,,
QRC,Complex_Chaos_(tau=30),0.0017916558509144566,0.1,1e-08,10,2.0,0.0,2025,,,
QRC,Complex_Chaos_(tau=30),0.0017572377684183604,0.1,1e-08,10,3.0,0.0,2025,,,
QRC,Complex_Chaos_(tau=30),0.00160959010057025,0.1,1e-08,10,4.0,0.0,2025,,,
QRC,Complex_Chaos_(tau=30),0.0009203793738304875,0.3,1e-08,4,2.0,0.0,2025,,,
QRC,Complex_Chaos_(tau=30),0.0009331229717494008,0.3,1e-08,4,3.0,0.0,2025,,,
QRC,Complex_Chaos_(tau=30),0.0008997255114839862,0.3,1e-08,4,4.0,0.0,2025,,,
QRC,Complex_Chaos_(tau=30),0.000807073311668729,0.3,1e-08,6,2.0,0.0,2025,,,
QRC,Complex_Chaos_(tau=30),0.0007980438523859686,0.3,1e-08,6,3.0,0.0,2025,,,
QRC,Complex_Chaos_(tau=30),0.0008617234181685678,0.3,1e-08,6,4.0,0.0,2025,,,
QRC,Complex_Chaos_(tau=30),0.0007073865267169636,0.3,1e-08,8,2.0,0.0,2025,,,
QRC,Complex_Chaos_(tau=30),0.0006898394717663176,0.3,1e-08,8,3.0,0.0,2025,,,
QRC,Complex_Chaos_(tau=30),0.0006990268618784491,0.3,1e-08,8,4.0,0.0,2025,,,
QRC,Complex_Chaos_(tau=30),0.0006278561136342357,0.3,1e-08,10,2.0,0.0,2025,,,
QRC,Complex_Chaos_(tau=30),0.0006261805118017357,0.3,1e-08,10,3.0,0.0,2025,,,
QRC,Complex_Chaos_(tau=30),0.0005944801153427124,0.3,1e-08,10,4.0,0.0,2025,,,
QRC,Complex_Chaos_(tau=30),0.0003441922720788475,0.5,1e-08,4,2.0,0.0,2025,,,
QRC,Complex_Chaos_(tau=30),0.0003399461243137955,0.5,1e-08,4,3.0,0.0,2025,,,
QRC,Complex_Chaos_(tau=30),0.0003207999009111427,0.5,1e-08,4,4.0,0.0,2025,,,
QRC,Complex_Chaos_(tau=30),0.00028843934827023777,0.5,1e-08,6,2.0,0.0,2025,,,
QRC,Complex_Chaos_(tau=30),0.0002830057939981862,0.5,1e-08,6,3.0,0.0,2025,,,
QRC,Complex_Chaos_(tau=30),0.0003215270859238757,0.5,1e-08,6,4.0,0.0,2025,,,
QRC,Complex_Chaos_(tau=30),0.0002513196893261653,0.5,1e-08,8,2.0,0.0,2025,,,
QRC,Complex_Chaos_(tau=30),0.00025625514491054937,0.5,1e-08,8,3.0,0.0,2025,,,
QRC,Complex_Chaos_(tau=30),0.0002576308656817076,0.5,1e-08,8,4.0,0.0,2025,,,
QRC,Complex_Chaos_(tau=30),0.00023534483160390034,0.5,1e-08,10,2.0,0.0,2025,,,
QRC,Complex_Chaos_(tau=30),0.00022700175047653132,0.5,1e-08,10,3.0,0.0,2025,,,
QRC,Complex_Chaos_(tau=30),0.00021729520915687254,0.5,1e-08,10,4.0,0.0,2025,,,
QRC,Complex_Chaos_(tau=30),0.00012014651310031603,0.7,1e-08,4,2.0,0.0,2025,,,
QRC,Complex_Chaos_(tau=30),0.00011032930104543589,0.7,1e-08,4,3.0,0.0,2025,,,
QRC,Complex_Chaos_(tau=30),0.00010218543306820072,0.7,1e-08,4,4.0,0.0,2025,,,
QRC,Complex_Chaos_(tau=30),8.851327870586088e-05,0.7,1e-08,6,2.0,0.0,2025,,,
QRC,Complex_Chaos_(tau=30),8.66169007916779e-05,0.7,1e-08,6,3.0,0.0,2025,,,
QRC,Complex_Chaos_(tau=30),0.00010979843553155491,0.7,1e-08,6,4.0,0.0,2025,,,
QRC,Complex_Chaos_(tau=30),7.848988491908381e-05,0.7,1e-08,8,2.0,0.0,2025,,,
QRC,Complex_Chaos_(tau=30),8.653035155564503e-05,0.7,1e-08,8,3.0,0.0,2025,,,
QRC,Complex_Chaos_(tau=30),8.393409640955486e-05,0.7,1e-08,8,4.0,0.0,2025,,,
QRC,Complex_Chaos_(tau=30),7.970889944485536e-05,0.7,1e-08,10,2.0,0.0,2025,,,
QRC,Complex_Chaos_(tau=30),7.176818097241247e-05,0.7,1e-08,10,3.0,0.0,2025,,,
QRC,Complex_Chaos_(tau=30),6.82485284782284e-05,0.7,1e-08,10,4.0,0.0,2025,,,
QRC,Complex_Chaos_(tau=30),3.065099050898396e-05,0.9,1e-08,4,2.0,0.0,2025,,,
QRC,Complex_Chaos_(tau=30),2.1737730048631552e-05,0.9,1e-08,4,3.0,0.0,2025,,,
QRC,Complex_Chaos_(tau=30),1.651952965200982e-05,0.9,1e-08,4,4.0,0.0,2025,,,
QRC,Complex_Chaos_(tau=30),1.1642765079206035e-05,0.9,1e-08,6,2.0,0.0,2025,,,
QRC,Complex_Chaos_(tau=30),1.0131621291646373e-05,0.9,1e-08,6,3.0,0.0,2025,,,
QRC,Complex_Chaos_(tau=30),2.7030159226326443e-05,0.9,1e-08,6,4.0,0.0,2025,,,
QRC,Complex_Chaos_(tau=30),1.1580552634595423e-05,0.9,1e-08,8,2.0,0.0,2025,,,
QRC,Complex_Chaos_(tau=30),1.8513323377935527e-05,0.9,1e-08,8,3.0,0.0,2025,,,
QRC,Complex_Chaos_(tau=30),1.659286238546303e-05,0.9,1e-08,8,4.0,0.0,2025,,,
QRC,Complex_Chaos_(tau=30),1.8546004246582945e-05,0.9,1e-08,10,2.0,0.0,2025,,,
QRC,Complex_Chaos_(tau=30),1.2540497203459098e-05,0.9,1e-08,10,3.0,0.0,2025,,,
QRC,Complex_Chaos_(tau=30),1.0968088069113761e-05,0.9,1e-08,10,4.0,0.0,2025,,,
Classical_ESN,Complex_Chaos_(tau=30),0.00023569138395569043,0.1,1e-08,10,,,2025,50.0,0.9,0.1
Classical_ESN,Complex_Chaos_(tau=30),1.999043346419088e-05,0.3,1e-08,10,,,2025,50.0,0.9,0.1
Classical_ESN,Complex_Chaos_(tau=30),2.4952506265171875e-05,0.5,1e-08,10,,,2025,50.0,0.9,0.1
Classical_ESN,Complex_Chaos_(tau=30),3.4095570093073455e-05,0.7,1e-08,10,,,2025,50.0,0.9,0.1
Classical_ESN,Complex_Chaos_(tau=30),6.925192850756018e-06,0.9,1e-08,10,,,2025,50.0,0.9,0.1
Classical_ESN,Complex_Chaos_(tau=30),5.7236274864796375e-05,0.1,1e-08,10,,,2025,50.0,0.9,0.2
Classical_ESN,Complex_Chaos_(tau=30),3.425592523976639e-05,0.3,1e-08,10,,,2025,50.0,0.9,0.2
Classical_ESN,Complex_Chaos_(tau=30),1.2459185082864898e-05,0.5,1e-08,10,,,2025,50.0,0.9,0.2
Classical_ESN,Complex_Chaos_(tau=30),1.8256489382982193e-05,0.7,1e-08,10,,,2025,50.0,0.9,0.2
Classical_ESN,Complex_Chaos_(tau=30),1.686325337652768e-05,0.9,1e-08,10,,,2025,50.0,0.9,0.2
Classical_ESN,Complex_Chaos_(tau=30),0.00010158828389867585,0.1,1e-08,10,,,2025,50.0,1.1,0.1
Classical_ESN,Complex_Chaos_(tau=30),1.704182317720338e-05,0.3,1e-08,10,,,2025,50.0,1.1,0.1
Classical_ESN,Complex_Chaos_(tau=30),5.37381180324951e-06,0.5,1e-08,10,,,2025,50.0,1.1,0.1
Classical_ESN,Complex_Chaos_(tau=30),6.753584728254031e-06,0.7,1e-08,10,,,2025,50.0,1.1,0.1
Classical_ESN,Complex_Chaos_(tau=30),7.585837284595726e-06,0.9,1e-08,10,,,2025,50.0,1.1,0.1
Classical_ESN,Complex_Chaos_(tau=30),9.5198514846512e-05,0.1,1e-08,10,,,2025,50.0,1.1,0.2
Classical_ESN,Complex_Chaos_(tau=30),3.45109790699615e-05,0.3,1e-08,10,,,2025,50.0,1.1,0.2
Classical_ESN,Complex_Chaos_(tau=30),1.1190663005742067e-05,0.5,1e-08,10,,,2025,50.0,1.1,0.2
Classical_ESN,Complex_Chaos_(tau=30),9.526847612749548e-06,0.7,1e-08,10,,,2025,50.0,1.1,0.2
Classical_ESN,Complex_Chaos_(tau=30),1.974770206862647e-05,0.9,1e-08,10,,,2025,50.0,1.1,0.2
Classical_ESN,Complex_Chaos_(tau=30),0.00016237174955285432,0.1,1e-08,10,,,2025,50.0,1.25,0.1
Classical_ESN,Complex_Chaos_(tau=30),7.516001342437945e-05,0.3,1e-08,10,,,2025,50.0,1.25,0.1
Classical_ESN,Complex_Chaos_(tau=30),8.189398653177482e-05,0.5,1e-08,10,,,2025,50.0,1.25,0.1
Classical_ESN,Complex_Chaos_(tau=30),4.07174698532196e-05,0.7,1e-08,10,,,2025,50.0,1.25,0.1
Classical_ESN,Complex_Chaos_(tau=30),0.0002039728223073211,0.9,1e-08,10,,,2025,50.0,1.25,0.1
Classical_ESN,Complex_Chaos_(tau=30),0.0002400878511178666,0.1,1e-08,10,,,2025,50.0,1.25,0.2
Classical_ESN,Complex_Chaos_(tau=30),5.134756861266692e-05,0.3,1e-08,10,,,2025,50.0,1.25,0.2
Classical_ESN,Complex_Chaos_(tau=30),3.8330600963930984e-05,0.5,1e-08,10,,,2025,50.0,1.25,0.2
Classical_ESN,Complex_Chaos_(tau=30),4.7294243794846925e-05,0.7,1e-08,10,,,2025,50.0,1.25,0.2
Classical_ESN,Complex_Chaos_(tau=30),0.0001606841697930952,0.9,1e-08,10,,,2025,50.0,1.25,0.2
Classical_ESN,Complex_Chaos_(tau=30),0.0018619605054717174,0.1,1e-08,10,,,2025,100.0,0.9,0.1
Classical_ESN,Complex_Chaos_(tau=30),1.4879370643839494e-05,0.3,1e-08,10,,,2025,100.0,0.9,0.1
Classical_ESN,Complex_Chaos_(tau=30),4.2114490851950025e-05,0.5,1e-08,10,,,2025,100.0,0.9,0.1
Classical_ESN,Complex_Chaos_(tau=30),0.00011459115832557859,0.7,1e-08,10,,,2025,100.0,0.9,0.1
Classical_ESN,Complex_Chaos_(tau=30),0.0001538438810660852,0.9,1e-08,10,,,2025,100.0,0.9,0.1
Classical_ESN,Complex_Chaos_(tau=30),0.00017489169881477573,0.1,1e-08,10,,,2025,100.0,0.9,0.2
Classical_ESN,Complex_Chaos_(tau=30),6.813030162854827e-06,0.3,1e-08,10,,,2025,100.0,0.9,0.2
Classical_ESN,Complex_Chaos_(tau=30),2.3280369058483986e-05,0.5,1e-08,10,,,2025,100.0,0.9,0.2
Classical_ESN,Complex_Chaos_(tau=30),4.7706724440600946e-05,0.7,1e-08,10,,,2025,100.0,0.9,0.2
Classical_ESN,Complex_Chaos_(tau=30),0.0005158654544793423,0.9,1e-08,10,,,2025,100.0,0.9,0.2
Classical_ESN,Complex_Chaos_(tau=30),0.0003354615200799245,0.1,1e-08,10,,,2025,100.0,1.1,0.1
Classical_ESN,Complex_Chaos_(tau=30),5.697797368976835e-05,0.3,1e-08,10,,,2025,100.0,1.1,0.1
Classical_ESN,Complex_Chaos_(tau=30),3.7971618515900534e-06,0.5,1e-08,10,,,2025,100.0,1.1,0.1
Classical_ESN,Complex_Chaos_(tau=30),9.112533263759236e-06,0.7,1e-08,10,,,2025,100.0,1.1,0.1
Classical_ESN,Complex_Chaos_(tau=30),3.0084743216237355e-05,0.9,1e-08,10,,,2025,100.0,1.1,0.1
Classical_ESN,Complex_Chaos_(tau=30),0.00041722518628620333,0.1,1e-08,10,,,2025,100.0,1.1,0.2
Classical_ESN,Complex_Chaos_(tau=30),0.0001618548689060428,0.3,1e-08,10,,,2025,100.0,1.1,0.2
Classical_ESN,Complex_Chaos_(tau=30),1.6769395894722995e-05,0.5,1e-08,10,,,2025,100.0,1.1,0.2
Classical_ESN,Complex_Chaos_(tau=30),2.3013553910604722e-05,0.7,1e-08,10,,,2025,100.0,1.1,0.2
Classical_ESN,Complex_Chaos_(tau=30),4.013885115665318e-05,0.9,1e-08,10,,,2025,100.0,1.1,0.2
Classical_ESN,Complex_Chaos_(tau=30),0.0004928598445284808,0.1,1e-08,10,,,2025,100.0,1.25,0.1
Classical_ESN,Complex_Chaos_(tau=30),2.6671397980874607e-05,0.3,1e-08,10,,,2025,100.0,1.25,0.1
Classical_ESN,Complex_Chaos_(tau=30),1.1960680288638412e-05,0.5,1e-08,10,,,2025,100.0,1.25,0.1
Classical_ESN,Complex_Chaos_(tau=30),1.564412314606269e-05,0.7,1e-08,10,,,2025,100.0,1.25,0.1
Classical_ESN,Complex_Chaos_(tau=30),7.58940993178853e-05,0.9,1e-08,10,,,2025,100.0,1.25,0.1
Classical_ESN,Complex_Chaos_(tau=30),0.00011277222461757378,0.1,1e-08,10,,,2025,100.0,1.25,0.2
Classical_ESN,Complex_Chaos_(tau=30),5.566258922855286e-05,0.3,1e-08,10,,,2025,100.0,1.25,0.2
Classical_ESN,Complex_Chaos_(tau=30),2.0681008722437107e-05,0.5,1e-08,10,,,2025,100.0,1.25,0.2
Classical_ESN,Complex_Chaos_(tau=30),2.7110623695698413e-05,0.7,1e-08,10,,,2025,100.0,1.25,0.2
Classical_ESN,Complex_Chaos_(tau=30),4.8802826627318805e-05,0.9,1e-08,10,,,2025,100.0,1.25,0.2
Classical_ESN,Complex_Chaos_(tau=30),0.000787091407097723,0.1,1e-08,10,,,2025,150.0,0.9,0.1
Classical_ESN,Complex_Chaos_(tau=30),2.4404456266221747e-05,0.3,1e-08,10,,,2025,150.0,0.9,0.1
Classical_ESN,Complex_Chaos_(tau=30),9.753844232217472e-05,0.5,1e-08,10,,,2025,150.0,0.9,0.1
Classical_ESN,Complex_Chaos_(tau=30),4.043026799891744e-05,0.7,1e-08,10,,,2025,150.0,0.9,0.1
Classical_ESN,Complex_Chaos_(tau=30),0.0007476704373743881,0.9,1e-08,10,,,2025,150.0,0.9,0.1
Classical_ESN,Complex_Chaos_(tau=30),0.0005115769099139704,0.1,1e-08,10,,,2025,150.0,0.9,0.2
Classical_ESN,Complex_Chaos_(tau=30),4.4867215697853956e-05,0.3,1e-08,10,,,2025,150.0,0.9,0.2
Classical_ESN,Complex_Chaos_(tau=30),0.0001964997434698086,0.5,1e-08,10,,,2025,150.0,0.9,0.2
Classical_ESN,Complex_Chaos_(tau=30),0.0001551173109199038,0.7,1e-08,10,,,2025,150.0,0.9,0.2
Classical_ESN,Complex_Chaos_(tau=30),0.0010305729055906138,0.9,1e-08,10,,,2025,150.0,0.9,0.2
Classical_ESN,Complex_Chaos_(tau=30),0.000492899152020661,0.1,1e-08,10,,,2025,150.0,1.1,0.1
Classical_ESN,Complex_Chaos_(tau=30),1.0312941282946941e-05,0.3,1e-08,10,,,2025,150.0,1.1,0.1
Classical_ESN,Complex_Chaos_(tau=30),1.5167801731481988e-05,0.5,1e-08,10,,,2025,150.0,1.1,0.1
Classical_ESN,Complex_Chaos_(tau=30),1.0052902257406618e-05,0.7,1e-08,10,,,2025,150.0,1.1,0.1
Classical_ESN,Complex_Chaos_(tau=30),4.5363405172713684e-05,0.9,1e-08,10,,,2025,150.0,1.1,0.1
Classical_ESN,Complex_Chaos_(tau=30),0.00029504660482675886,0.1,1e-08,10,,,2025,150.0,1.1,0.2
Classical_ESN,Complex_Chaos_(tau=30),0.00010045119831959143,0.3,1e-08,10,,,2025,150.0,1.1,0.2
Classical_ESN,Complex_Chaos_(tau=30),8.045283741035694e-06,0.5,1e-08,10,,,2025,150.0,1.1,0.2
Classical_ESN,Complex_Chaos_(tau=30),3.9908174818108284e-05,0.7,1e-08,10,,,2025,150.0,1.1,0.2
Classical_ESN,Complex_Chaos_(tau=30),0.0001809324587960476,0.9,1e-08,10,,,2025,150.0,1.1,0.2
Classical_ESN,Complex_Chaos_(tau=30),0.0011179740483586908,0.1,1e-08,10,,,2025,150.0,1.25,0.1
Classical_ESN,Complex_Chaos_(tau=30),4.4551983236426414e-05,0.3,1e-08,10,,,2025,150.0,1.25,0.1
Classical_ESN,Complex_Chaos_(tau=30),1.4920674235104064e-05,0.5,1e-08,10,,,2025,150.0,1.25,0.1
Classical_ESN,Complex_Chaos_(tau=30),2.1041402203100026e-05,0.7,1e-08,10,,,2025,150.0,1.25,0.1
Classical_ESN,Complex_Chaos_(tau=30),0.00017748079112338202,0.9,1e-08,10,,,2025,150.0,1.25,0.1
Classical_ESN,Complex_Chaos_(tau=30),0.004394425103575861,0.1,1e-08,10,,,2025,150.0,1.25,0.2
Classical_ESN,Complex_Chaos_(tau=30),5.191246627535928e-05,0.3,1e-08,10,,,2025,150.0,1.25,0.2
Classical_ESN,Complex_Chaos_(tau=30),2.058472323788979e-05,0.5,1e-08,10,,,2025,150.0,1.25,0.2
Classical_ESN,Complex_Chaos_(tau=30),1.593233950150008e-05,0.7,1e-08,10,,,2025,150.0,1.25,0.2
Classical_ESN,Complex_Chaos_(tau=30),0.00012653895995159753,0.9,1e-08,10,,,2025,150.0,1.25,0.2
QRC,Hyperchaotic_(tau=100),0.006046221744542578,0.1,1e-08,4,2.0,0.0,2025,,,
QRC,Hyperchaotic_(tau=100),0.005968496496212097,0.1,1e-08,4,3.0,0.0,2025,,,
QRC,Hyperchaotic_(tau=100),0.005964604860536253,0.1,1e-08,4,4.0,0.0,2025,,,
QRC,Hyperchaotic_(tau=100),0.0063645474160851576,0.1,1e-08,6,2.0,0.0,2025,,,
QRC,Hyperchaotic_(tau=100),0.006302858209957894,0.1,1e-08,6,3.0,0.0,2025,,,
QRC,Hyperchaotic_(tau=100),0.006375755909334025,0.1,1e-08,6,4.0,0.0,2025,,,
QRC,Hyperchaotic_(tau=100),0.006693121722495118,0.1,1e-08,8,2.0,0.0,2025,,,
QRC,Hyperchaotic_(tau=100),0.006478009935722942,0.1,1e-08,8,3.0,0.0,2025,,,
QRC,Hyperchaotic_(tau=100),0.006644812351378719,0.1,1e-08,8,4.0,0.0,2025,,,
QRC,Hyperchaotic_(tau=100),0.0068078240122440795,0.1,1e-08,10,2.0,0.0,2025,,,
QRC,Hyperchaotic_(tau=100),0.006849038482288966,0.1,1e-08,10,3.0,0.0,2025,,,
QRC,Hyperchaotic_(tau=100),0.006929385574101783,0.1,1e-08,10,4.0,0.0,2025,,,
QRC,Hyperchaotic_(tau=100),0.001367744365870767,0.3,1e-08,4,2.0,0.0,2025,,,
QRC,Hyperchaotic_(tau=100),0.0013670880688076812,0.3,1e-08,4,3.0,0.0,2025,,,
QRC,Hyperchaotic_(tau=100),0.001358001166829703,0.3,1e-08,4,4.0,0.0,2025,,,
QRC,Hyperchaotic_(tau=100),0.0014143723599264687,0.3,1e-08,6,2.0,0.0,2025,,,
QRC,Hyperchaotic_(tau=100),0.001408971458413133,0.3,1e-08,6,3.0,0.0,2025,,,
QRC,Hyperchaotic_(tau=100),0.0014979969991612853,0.3,1e-08,6,4.0,0.0,2025,,,
QRC,Hyperchaotic_(tau=100),0.0014807526901650877,0.3,1e-08,8,2.0,0.0,2025,,,
QRC,Hyperchaotic_(tau=100),0.001480570938227687,0.3,1e-08,8,3.0,0.0,2025,,,
QRC,Hyperchaotic_(tau=100),0.0014916133023315577,0.3,1e-08,8,4.0,0.0,2025,,,
QRC,Hyperchaotic_(tau=100),0.0015138035101771423,0.3,1e-08,10,2.0,0.0,2025,,,
QRC,Hyperchaotic_(tau=100),0.0015140853497428546,0.3,1e-08,10,3.0,0.0,2025,,,
QRC,Hyperchaotic_(tau=100),0.0015162859688152698,0.3,1e-08,10,4.0,0.0,2025,,,
QRC,Hyperchaotic_(tau=100),0.0004946620623133814,0.5,1e-08,4,2.0,0.0,2025,,,
QRC,Hyperchaotic_(tau=100),0.00048190458155295435,0.5,1e-08,4,3.0,0.0,2025,,,
QRC,Hyperchaotic_(tau=100),0.00047987951225258096,0.5,1e-08,4,4.0,0.0,2025,,,
QRC,Hyperchaotic_(tau=100),0.0004968080737188846,0.5,1e-08,6,2.0,0.0,2025,,,
QRC,Hyperchaotic_(tau=100),0.0004933139151945339,0.5,1e-08,6,3.0,0.0,2025,,,
QRC,Hyperchaotic_(tau=100),0.0005425000941919602,0.5,1e-08,6,4.0,0.0,2025,,,
QRC,Hyperchaotic_(tau=100),0.0005199288603435709,0.5,1e-08,8,2.0,0.0,2025,,,
QRC,Hyperchaotic_(tau=100),0.0005379789002911408,0.5,1e-08,8,3.0,0.0,2025,,,
QRC,Hyperchaotic_(tau=100),0.0005312812461482798,0.5,1e-08,8,4.0,0.0,2025,,,
QRC,Hyperchaotic_(tau=100),0.0005344044314591376,0.5,1e-08,10,2.0,0.0,2025,,,
QRC,Hyperchaotic_(tau=100),0.0005243076102233014,0.5,1e-08,10,3.0,0.0,2025,,,
QRC,Hyperchaotic_(tau=100),0.0005293962367415986,0.5,1e-08,10,4.0,0.0,2025,,,
QRC,Hyperchaotic_(tau=100),0.00016448076954286164,0.7,1e-08,4,2.0,0.0,2025,,,
QRC,Hyperchaotic_(tau=100),0.0001495297421071183,0.7,1e-08,4,3.0,0.0,2025,,,
QRC,Hyperchaotic_(tau=100),0.00015082463808368496,0.7,1e-08,4,4.0,0.0,2025,,,
QRC,Hyperchaotic_(tau=100),0.00015099997578958625,0.7,1e-08,6,2.0,0.0,2025,,,
QRC,Hyperchaotic_(tau=100),0.00014782670139507198,0.7,1e-08,6,3.0,0.0,2025,,,
QRC,Hyperchaotic_(tau=100),0.00017722789847538238,0.7,1e-08,6,4.0,0.0,2025,,,
QRC,Hyperchaotic_(tau=100),0.00015983171935269117,0.7,1e-08,8,2.0,0.0,2025,,,
QRC,Hyperchaotic_(tau=100),0.00017233815336182683,0.7,1e-08,8,3.0,0.0,2025,,,
QRC,Hyperchaotic_(tau=100),0.0001687764911823734,0.7,1e-08,8,4.0,0.0,2025,,,
QRC,Hyperchaotic_(tau=100),0.00016850527665047217,0.7,1e-08,10,2.0,0.0,2025,,,
QRC,Hyperchaotic_(tau=100),0.00015840854849042568,0.7,1e-08,10,3.0,0.0,2025,,,
QRC,Hyperchaotic_(tau=100),0.0001615282700068625,0.7,1e-08,10,4.0,0.0,2025,,,
QRC,Hyperchaotic_(tau=100),3.7753018632925155e-05,0.9,1e-08,4,2.0,0.0,2025,,,
QRC,Hyperchaotic_(tau=100),2.2789361589909844e-05,0.9,1e-08,4,3.0,0.0,2025,,,
QRC,Hyperchaotic_(tau=100),2.2773635665140073e-05,0.9,1e-08,4,4.0,0.0,2025,,,
QRC,Hyperchaotic_(tau=100),1.9344680797220464e-05,0.9,1e-08,6,2.0,0.0,2025,,,
QRC,Hyperchaotic_(tau=100),1.6735340398352634e-05,0.9,1e-08,6,3.0,0.0,2025,,,
QRC,Hyperchaotic_(tau=100),3.561814357563289e-05,0.9,1e-08,6,4.0,0.0,2025,,,
QRC,Hyperchaotic_(tau=100),2.1826736053533272e-05,0.9,1e-08,8,2.0,0.0,2025,,,
QRC,Hyperchaotic_(tau=100),2.9261024689086943e-05,0.9,1e-08,8,3.0,0.0,2025,,,
QRC,Hyperchaotic_(tau=100),2.9468757000523934e-05,0.9,1e-08,8,4.0,0.0,2025,,,
QRC,Hyperchaotic_(tau=100),2.8846882848249328e-05,0.9,1e-08,10,2.0,0.0,2025,,,
QRC,Hyperchaotic_(tau=100),1.9531218353178983e-05,0.9,1e-08,10,3.0,0.0,2025,,,
QRC,Hyperchaotic_(tau=100),2.379920222709753e-05,0.9,1e-08,10,4.0,0.0,2025,,,
Classical_ESN,Hyperchaotic_(tau=100),5.850484026339931e-05,0.1,1e-08,10,,,2025,50.0,0.9,0.1
Classical_ESN,Hyperchaotic_(tau=100),3.77389654160003e-05,0.3,1e-08,10,,,2025,50.0,0.9,0.1
Classical_ESN,Hyperchaotic_(tau=100),1.977911361549231e-05,0.5,1e-08,10,,,2025,50.0,0.9,0.1
Classical_ESN,Hyperchaotic_(tau=100),7.978494686935679e-06,0.7,1e-08,10,,,2025,50.0,0.9,0.1
Classical_ESN,Hyperchaotic_(tau=100),2.930852674442716e-05,0.9,1e-08,10,,,2025,50.0,0.9,0.1
Classical_ESN,Hyperchaotic_(tau=100),0.00021498675028872914,0.1,1e-08,10,,,2025,50.0,0.9,0.2
Classical_ESN,Hyperchaotic_(tau=100),4.504431382295708e-05,0.3,1e-08,10,,,2025,50.0,0.9,0.2
Classical_ESN,Hyperchaotic_(tau=100),1.9319223446563514e-05,0.5,1e-08,10,,,2025,50.0,0.9,0.2
Classical_ESN,Hyperchaotic_(tau=100),7.48633521408408e-06,0.7,1e-08,10,,,2025,50.0,0.9,0.2
Classical_ESN,Hyperchaotic_(tau=100),2.202226152014281e-05,0.9,1e-08,10,,,2025,50.0,0.9,0.2
Classical_ESN,Hyperchaotic_(tau=100),0.0003465895593510278,0.1,1e-08,10,,,2025,50.0,1.1,0.1
Classical_ESN,Hyperchaotic_(tau=100),3.3287170398942876e-05,0.3,1e-08,10,,,2025,50.0,1.1,0.1
Classical_ESN,Hyperchaotic_(tau=100),1.8915093379846093e-05,0.5,1e-08,10,,,2025,50.0,1.1,0.1
Classical_ESN,Hyperchaotic_(tau=100),2.065270171395261e-05,0.7,1e-08,10,,,2025,50.0,1.1,0.1
Classical_ESN,Hyperchaotic_(tau=100),1.4148557526234298e-05,0.9,1e-08,10,,,2025,50.0,1.1,0.1
Classical_ESN,Hyperchaotic_(tau=100),0.00028696865172548355,0.1,1e-08,10,,,2025,50.0,1.1,0.2
Classical_ESN,Hyperchaotic_(tau=100),7.792355541515578e-05,0.3,1e-08,10,,,2025,50.0,1.1,0.2
Classical_ESN,Hyperchaotic_(tau=100),3.6133630808941474e-05,0.5,1e-08,10,,,2025,50.0,1.1,0.2
Classical_ESN,Hyperchaotic_(tau=100),2.1206606382886943e-05,0.7,1e-08,10,,,2025,50.0,1.1,0.2
Classical_ESN,Hyperchaotic_(tau=100),3.0366219959767746e-05,0.9,1e-08,10,,,2025,50.0,1.1,0.2
Classical_ESN,Hyperchaotic_(tau=100),0.0008341205114404667,0.1,1e-08,10,,,2025,50.0,1.25,0.1
Classical_ESN,Hyperchaotic_(tau=100),0.0005674497725622779,0.3,1e-08,10,,,2025,50.0,1.25,0.1
Classical_ESN,Hyperchaotic_(tau=100),0.00017956729097278932,0.5,1e-08,10,,,2025,50.0,1.25,0.1
Classical_ESN,Hyperchaotic_(tau=100),0.00015030831512178618,0.7,1e-08,10,,,2025,50.0,1.25,0.1
Classical_ESN,Hyperchaotic_(tau=100),0.0013036074081141543,0.9,1e-08,10,,,2025,50.0,1.25,0.1
Classical_ESN,Hyperchaotic_(tau=100),0.0007869306065923171,0.1,1e-08,10,,,2025,50.0,1.25,0.2
Classical_ESN,Hyperchaotic_(tau=100),0.0005089211909329135,0.3,1e-08,10,,,2025,50.0,1.25,0.2
Classical_ESN,Hyperchaotic_(tau=100),0.0003714125378879947,0.5,1e-08,10,,,2025,50.0,1.25,0.2
Classical_ESN,Hyperchaotic_(tau=100),0.0002636980803750387,0.7,1e-08,10,,,2025,50.0,1.25,0.2
Classical_ESN,Hyperchaotic_(tau=100),0.000996210670736147,0.9,1e-08,10,,,2025,50.0,1.25,0.2
Classical_ESN,Hyperchaotic_(tau=100),0.00012171997196290009,0.1,1e-08,10,,,2025,100.0,0.9,0.1
Classical_ESN,Hyperchaotic_(tau=100),5.2736332839418276e-05,0.3,1e-08,10,,,2025,100.0,0.9,0.1
Classical_ESN,Hyperchaotic_(tau=100),2.0930008924004013e-05,0.5,1e-08,10,,,2025,100.0,0.9,0.1
Classical_ESN,Hyperchaotic_(tau=100),2.5626239651691824e-05,0.7,1e-08,10,,,2025,100.0,0.9,0.1
Classical_ESN,Hyperchaotic_(tau=100),0.00012169925118938882,0.9,1e-08,10,,,2025,100.0,0.9,0.1
Classical_ESN,Hyperchaotic_(tau=100),0.001285817610501888,0.1,1e-08,10,,,2025,100.0,0.9,0.2
Classical_ESN,Hyperchaotic_(tau=100),7.113240389225544e-05,0.3,1e-08,10,,,2025,100.0,0.9,0.2
Classical_ESN,Hyperchaotic_(tau=100),1.81920835707282e-05,0.5,1e-08,10,,,2025,100.0,0.9,0.2
Classical_ESN,Hyperchaotic_(tau=100),9.004221576147871e-05,0.7,1e-08,10,,,2025,100.0,0.9,0.2
Classical_ESN,Hyperchaotic_(tau=100),8.15073950295849e-05,0.9,1e-08,10,,,2025,100.0,0.9,0.2
Classical_ESN,Hyperchaotic_(tau=100),0.002049687381949863,0.1,1e-08,10,,,2025,100.0,1.1,0.1
Classical_ESN,Hyperchaotic_(tau=100),6.358165588548113e-05,0.3,1e-08,10,,,2025,100.0,1.1,0.1
Classical_ESN,Hyperchaotic_(tau=100),1.3847013371175442e-05,0.5,1e-08,10,,,2025,100.0,1.1,0.1
Classical_ESN,Hyperchaotic_(tau=100),5.77556358461905e-06,0.7,1e-08,10,,,2025,100.0,1.1,0.1
Classical_ESN,Hyperchaotic_(tau=100),1.630568288462601e-05,0.9,1e-08,10,,,2025,100.0,1.1,0.1
Classical_ESN,Hyperchaotic_(tau=100),0.0005338568344879041,0.1,1e-08,10,,,2025,100.0,1.1,0.2
Classical_ESN,Hyperchaotic_(tau=100),0.0005182249776527178,0.3,1e-08,10,,,2025,100.0,1.1,0.2
Classical_ESN,Hyperchaotic_(tau=100),3.1965755536257665e-05,0.5,1e-08,10,,,2025,100.0,1.1,0.2
Classical_ESN,Hyperchaotic_(tau=100),0.00020950498675089565,0.7,1e-08,10,,,2025,100.0,1.1,0.2
Classical_ESN,Hyperchaotic_(tau=100),0.0002523137413264467,0.9,1e-08,10,,,2025,100.0,1.1,0.2
Classical_ESN,Hyperchaotic_(tau=100),0.0018157446413054332,0.1,1e-08,10,,,2025,100.0,1.25,0.1
Classical_ESN,Hyperchaotic_(tau=100),0.00025946746821402803,0.3,1e-08,10,,,2025,100.0,1.25,0.1
Classical_ESN,Hyperchaotic_(tau=100),9.701452441070804e-05,0.5,1e-08,10,,,2025,100.0,1.25,0.1
Classical_ESN,Hyperchaotic_(tau=100),4.24476041201551e-05,0.7,1e-08,10,,,2025,100.0,1.25,0.1
Classical_ESN,Hyperchaotic_(tau=100),0.00011262579508530363,0.9,1e-08,10,,,2025,100.0,1.25,0.1
Classical_ESN,Hyperchaotic_(tau=100),0.0007784837332267907,0.1,1e-08,10,,,2025,100.0,1.25,0.2
Classical_ESN,Hyperchaotic_(tau=100),0.00022482233326386804,0.3,1e-08,10,,,2025,100.0,1.25,0.2
Classical_ESN,Hyperchaotic_(tau=100),3.0067960221587188e-05,0.5,1e-08,10,,,2025,100.0,1.25,0.2
Classical_ESN,Hyperchaotic_(tau=100),0.0007058292635905454,0.7,1e-08,10,,,2025,100.0,1.25,0.2
Classical_ESN,Hyperchaotic_(tau=100),0.00018711229459776143,0.9,1e-08,10,,,2025,100.0,1.25,0.2
Classical_ESN,Hyperchaotic_(tau=100),0.0018972167827749525,0.1,1e-08,10,,,2025,150.0,0.9,0.1
Classical_ESN,Hyperchaotic_(tau=100),0.0002443481396376186,0.3,1e-08,10,,,2025,150.0,0.9,0.1
Classical_ESN,Hyperchaotic_(tau=100),8.181811295825408e-06,0.5,1e-08,10,,,2025,150.0,0.9,0.1
Classical_ESN,Hyperchaotic_(tau=100),2.394973943942366e-05,0.7,1e-08,10,,,2025,150.0,0.9,0.1
Classical_ESN,Hyperchaotic_(tau=100),4.7577508123557236e-05,0.9,1e-08,10,,,2025,150.0,0.9,0.1
Classical_ESN,Hyperchaotic_(tau=100),6.529556126308651e-05,0.1,1e-08,10,,,2025,150.0,0.9,0.2
Classical_ESN,Hyperchaotic_(tau=100),8.062080572858029e-06,0.3,1e-08,10,,,2025,150.0,0.9,0.2
Classical_ESN,Hyperchaotic_(tau=100),2.168417820985092e-05,0.5,1e-08,10,,,2025,150.0,0.9,0.2
Classical_ESN,Hyperchaotic_(tau=100),6.531942335617607e-05,0.7,1e-08,10,,,2025,150.0,0.9,0.2
Classical_ESN,Hyperchaotic_(tau=100),7.066790361139066e-05,0.9,1e-08,10,,,2025,150.0,0.9,0.2
Classical_ESN,Hyperchaotic_(tau=100),0.010888479761292213,0.1,1e-08,10,,,2025,150.0,1.1,0.1
Classical_ESN,Hyperchaotic_(tau=100),0.0002082149582906583,0.3,1e-08,10,,,2025,150.0,1.1,0.1
Classical_ESN,Hyperchaotic_(tau=100),3.403668232508234e-05,0.5,1e-08,10,,,2025,150.0,1.1,0.1
Classical_ESN,Hyperchaotic_(tau=100),3.193574962831994e-05,0.7,1e-08,10,,,2025,150.0,1.1,0.1
Classical_ESN,Hyperchaotic_(tau=100),2.7758512290586255e-05,0.9,1e-08,10,,,2025,150.0,1.1,0.1
Classical_ESN,Hyperchaotic_(tau=100),0.012306363411388235,0.1,1e-08,10,,,2025,150.0,1.1,0.2
Classical_ESN,Hyperchaotic_(tau=100),0.00010225418920090736,0.3,1e-08,10,,,2025,150.0,1.1,0.2
Classical_ESN,Hyperchaotic_(tau=100),3.0479732073333663e-05,0.5,1e-08,10,,,2025,150.0,1.1,0.2
Classical_ESN,Hyperchaotic_(tau=100),3.134283163395222e-05,0.7,1e-08,10,,,2025,150.0,1.1,0.2
Classical_ESN,Hyperchaotic_(tau=100),1.4788012214701074e-05,0.9,1e-08,10,,,2025,150.0,1.1,0.2
Classical_ESN,Hyperchaotic_(tau=100),0.052014537240810385,0.1,1e-08,10,,,2025,150.0,1.25,0.1
Classical_ESN,Hyperchaotic_(tau=100),0.00014537785753096892,0.3,1e-08,10,,,2025,150.0,1.25,0.1
Classical_ESN,Hyperchaotic_(tau=100),0.00011685074668383174,0.5,1e-08,10,,,2025,150.0,1.25,0.1
Classical_ESN,Hyperchaotic_(tau=100),7.154640887021989e-05,0.7,1e-08,10,,,2025,150.0,1.25,0.1
Classical_ESN,Hyperchaotic_(tau=100),0.0005296789577905387,0.9,1e-08,10,,,2025,150.0,1.25,0.1
Classical_ESN,Hyperchaotic_(tau=100),0.019082986513518314,0.1,1e-08,10,,,2025,150.0,1.25,0.2
Classical_ESN,Hyperchaotic_(tau=100),0.00020403709780476056,0.3,1e-08,10,,,2025,150.0,1.25,0.2
Classical_ESN,Hyperchaotic_(tau=100),0.0001275263176829282,0.5,1e-08,10,,,2025,150.0,1.25,0.2
Classical_ESN,Hyperchaotic_(tau=100),9.230966791883477e-05,0.7,1e-08,10,,,2025,150.0,1.25,0.2
Classical_ESN,Hyperchaotic_(tau=100),0.0003332149558120488,0.9,1e-08,10,,,2025,150.0,1.25,0.2
QRC,ARMA_1_2_stochastic,0.010163792512958531,0.1,1e-08,4,2.0,0.0,2025,,,
QRC,ARMA_1_2_stochastic,0.009170379871716395,0.1,1e-08,4,3.0,0.0,2025,,,
QRC,ARMA_1_2_stochastic,0.012415968738961104,0.1,1e-08,4,4.0,0.0,2025,,,
QRC,ARMA_1_2_stochastic,0.011240983286398708,0.1,1e-08,6,2.0,0.0,2025,,,
QRC,ARMA_1_2_stochastic,0.009458035172098662,0.1,1e-08,6,3.0,0.0,2025,,,
QRC,ARMA_1_2_stochastic,0.010443519386835635,0.1,1e-08,6,4.0,0.0,2025,,,
QRC,ARMA_1_2_stochastic,0.010194187433315014,0.1,1e-08,8,2.0,0.0,2025,,,
QRC,ARMA_1_2_stochastic,0.0129009540044588,0.1,1e-08,8,3.0,0.0,2025,,,
QRC,ARMA_1_2_stochastic,0.017630292804312966,0.1,1e-08,8,4.0,0.0,2025,,,
QRC,ARMA_1_2_stochastic,0.009236002244333697,0.1,1e-08,10,2.0,0.0,2025,,,
QRC,ARMA_1_2_stochastic,0.00906515508015415,0.1,1e-08,10,3.0,0.0,2025,,,
QRC,ARMA_1_2_stochastic,0.010117795422203025,0.1,1e-08,10,4.0,0.0,2025,,,
QRC,ARMA_1_2_stochastic,0.008065174184614082,0.3,1e-08,4,2.0,0.0,2025,,,
QRC,ARMA_1_2_stochastic,0.00809320138647367,0.3,1e-08,4,3.0,0.0,2025,,,
QRC,ARMA_1_2_stochastic,0.00823629581454654,0.3,1e-08,4,4.0,0.0,2025,,,
QRC,ARMA_1_2_stochastic,0.009017567403851047,0.3,1e-08,6,2.0,0.0,2025,,,
QRC,ARMA_1_2_stochastic,0.00820120172128449,0.3,1e-08,6,3.0,0.0,2025,,,
QRC,ARMA_1_2_stochastic,0.007995935611036467,0.3,1e-08,6,4.0,0.0,2025,,,
QRC,ARMA_1_2_stochastic,0.00901701181015447,0.3,1e-08,8,2.0,0.0,2025,,,
QRC,ARMA_1_2_stochastic,0.008619174693904155,0.3,1e-08,8,3.0,0.0,2025,,,
QRC,ARMA_1_2_stochastic,0.01160270938756873,0.3,1e-08,8,4.0,0.0,2025,,,
QRC,ARMA_1_2_stochastic,0.009541386108996327,0.3,1e-08,10,2.0,0.0,2025,,,
QRC,ARMA_1_2_stochastic,0.008092411584516884,0.3,1e-08,10,3.0,0.0,2025,,,
QRC,ARMA_1_2_stochastic,0.008342717195961484,0.3,1e-08,10,4.0,0.0,2025,,,
QRC,ARMA_1_2_stochastic,0.007910455134643554,0.5,1e-08,4,2.0,0.0,2025,,,
QRC,ARMA_1_2_stochastic,0.008047917242755283,0.5,1e-08,4,3.0,0.0,2025,,,
QRC,ARMA_1_2_stochastic,0.008186553594578488,0.5,1e-08,4,4.0,0.0,2025,,,
QRC,ARMA_1_2_stochastic,0.007905888303463872,0.5,1e-08,6,2.0,0.0,2025,,,
QRC,ARMA_1_2_stochastic,0.007745134646366378,0.5,1e-08,6,3.0,0.0,2025,,,
QRC,ARMA_1_2_stochastic,0.007912365121879848,0.5,1e-08,6,4.0,0.0,2025,,,
QRC,ARMA_1_2_stochastic,0.00825642497281033,0.5,1e-08,8,2.0,0.0,2025,,,
QRC,ARMA_1_2_stochastic,0.008545234388526007,0.5,1e-08,8,3.0,0.0,2025,,,
QRC,ARMA_1_2_stochastic,0.010584502326644867,0.5,1e-08,8,4.0,0.0,2025,,,
QRC,ARMA_1_2_stochastic,0.009335545721722684,0.5,1e-08,10,2.0,0.0,2025,,,
QRC,ARMA_1_2_stochastic,0.007670319874640443,0.5,1e-08,10,3.0,0.0,2025,,,
QRC,ARMA_1_2_stochastic,0.008205886139307289,0.5,1e-08,10,4.0,0.0,2025,,,
QRC,ARMA_1_2_stochastic,0.007872285469374948,0.7,1e-08,4,2.0,0.0,2025,,,
QRC,ARMA_1_2_stochastic,0.00800310683995879,0.7,1e-08,4,3.0,0.0,2025,,,
QRC,ARMA_1_2_stochastic,0.008127181395631544,0.7,1e-08,4,4.0,0.0,2025,,,
QRC,ARMA_1_2_stochastic,0.00781926168605334,0.7,1e-08,6,2.0,0.0,2025,,,
QRC,ARMA_1_2_stochastic,0.007715022275826788,0.7,1e-08,6,3.0,0.0,2025,,,
QRC,ARMA_1_2_stochastic,0.007794282273205011,0.7,1e-08,6,4.0,0.0,2025,,,
QRC,ARMA_1_2_stochastic,0.008118170888369343,0.7,1e-08,8,2.0,0.0,2025,,,
QRC,ARMA_1_2_stochastic,0.00853388723856236,0.7,1e-08,8,3.0,0.0,2025,,,
QRC,ARMA_1_2_stochastic,0.01006492984920073,0.7,1e-08,8,4.0,0.0,2025,,,
QRC,ARMA_1_2_stochastic,0.008591275146991253,0.7,1e-08,10,2.0,0.0,2025,,,
QRC,ARMA_1_2_stochastic,0.007692046607148301,0.7,1e-08,10,3.0,0.0,2025,,,
QRC,ARMA_1_2_stochastic,0.008364885863719362,0.7,1e-08,10,4.0,0.0,2025,,,
QRC,ARMA_1_2_stochastic,0.007841359427766733,0.9,1e-08,4,2.0,0.0,2025,,,
QRC,ARMA_1_2_stochastic,0.007969916272067673,0.9,1e-08,4,3.0,0.0,2025,,,
QRC,ARMA_1_2_stochastic,0.008102799974849043,0.9,1e-08,4,4.0,0.0,2025,,,
QRC,ARMA_1_2_stochastic,0.0078020923546607175,0.9,1e-08,6,2.0,0.0,2025,,,
QRC,ARMA_1_2_stochastic,0.007713668854454567,0.9,1e-08,6,3.0,0.0,2025,,,
QRC,ARMA_1_2_stochastic,0.007726906644883322,0.9,1e-08,6,4.0,0.0,2025,,,
QRC,ARMA_1_2_stochastic,0.008002873423260864,0.9,1e-08,8,2.0,0.0,2025,,,
QRC,ARMA_1_2_stochastic,0.008385910949471862,0.9,1e-08,8,3.0,0.0,2025,,,
QRC,ARMA_1_2_stochastic,0.009685789124073824,0.9,1e-08,8,4.0,0.0,2025,,,
QRC,ARMA_1_2_stochastic,0.008228155716621296,0.9,1e-08,10,2.0,0.0,2025,,,
QRC,ARMA_1_2_stochastic,0.007742992696128448,0.9,1e-08,10,3.0,0.0,2025,,,
QRC,ARMA_1_2_stochastic,0.008312539421586215,0.9,1e-08,10,4.0,0.0,2025,,,
Classical_ESN,ARMA_1_2_stochastic,0.020005114453564486,0.1,1e-08,10,,,2025,50.0,0.9,0.1
Classical_ESN,ARMA_1_2_stochastic,0.01257492425566424,0.3,1e-08,10,,,2025,50.0,0.9,0.1
Classical_ESN,ARMA_1_2_stochastic,0.010323800223444613,0.5,1e-08,10,,,2025,50.0,0.9,0.1
Classical_ESN,ARMA_1_2_stochastic,0.009157817892665305,0.7,1e-08,10,,,2025,50.0,0.9,0.1
Classical_ESN,ARMA_1_2_stochastic,0.007664774541642426,0.9,1e-08,10,,,2025,50.0,0.9,0.1
Classical_ESN,ARMA_1_2_stochastic,0.017993576943616817,0.1,1e-08,10,,,2025,50.0,0.9,0.2
Classical_ESN,ARMA_1_2_stochastic,0.010599499566773482,0.3,1e-08,10,,,2025,50.0,0.9,0.2
Classical_ESN,ARMA_1_2_stochastic,0.009121911068655432,0.5,1e-08,10,,,2025,50.0,0.9,0.2
Classical_ESN,ARMA_1_2_stochastic,0.007866240000540767,0.7,1e-08,10,,,2025,50.0,0.9,0.2
Classical_ESN,ARMA_1_2_stochastic,0.007944384694153175,0.9,1e-08,10,,,2025,50.0,0.9,0.2
Classical_ESN,ARMA_1_2_stochastic,0.029626260487295532,0.1,1e-08,10,,,2025,50.0,1.1,0.1
Classical_ESN,ARMA_1_2_stochastic,0.011065010257975584,0.3,1e-08,10,,,2025,50.0,1.1,0.1
Classical_ESN,ARMA_1_2_stochastic,0.008422516739485466,0.5,1e-08,10,,,2025,50.0,1.1,0.1
Classical_ESN,ARMA_1_2_stochastic,0.007847139035923658,0.7,1e-08,10,,,2025,50.0,1.1,0.1
Classical_ESN,ARMA_1_2_stochastic,0.008074005395717178,0.9,1e-08,10,,,2025,50.0,1.1,0.1
Classical_ESN,ARMA_1_2_stochastic,0.012747095010899595,0.1,1e-08,10,,,2025,50.0,1.1,0.2
Classical_ESN,ARMA_1_2_stochastic,0.011146227640354776,0.3,1e-08,10,,,2025,50.0,1.1,0.2
Classical_ESN,ARMA_1_2_stochastic,0.008427174429883798,0.5,1e-08,10,,,2025,50.0,1.1,0.2
Classical_ESN,ARMA_1_2_stochastic,0.008381721126747867,0.7,1e-08,10,,,2025,50.0,1.1,0.2
Classical_ESN,ARMA_1_2_stochastic,0.007933608400800787,0.9,1e-08,10,,,2025,50.0,1.1,0.2
Classical_ESN,ARMA_1_2_stochastic,0.0385809456207637,0.1,1e-08,10,,,2025,50.0,1.25,0.1
Classical_ESN,ARMA_1_2_stochastic,0.01081219790107821,0.3,1e-08,10,,,2025,50.0,1.25,0.1
Classical_ESN,ARMA_1_2_stochastic,0.008912371741622824,0.5,1e-08,10,,,2025,50.0,1.25,0.1
Classical_ESN,ARMA_1_2_stochastic,0.007673958740263563,0.7,1e-08,10,,,2025,50.0,1.25,0.1
Classical_ESN,ARMA_1_2_stochastic,0.010293990570708358,0.9,1e-08,10,,,2025,50.0,1.25,0.1
Classical_ESN,ARMA_1_2_stochastic,0.01676905695146512,0.1,1e-08,10,,,2025,50.0,1.25,0.2
Classical_ESN,ARMA_1_2_stochastic,0.009566991209440403,0.3,1e-08,10,,,2025,50.0,1.25,0.2
Classical_ESN,ARMA_1_2_stochastic,0.00864976328642343,0.5,1e-08,10,,,2025,50.0,1.25,0.2
Classical_ESN,ARMA_1_2_stochastic,0.007911848520230441,0.7,1e-08,10,,,2025,50.0,1.25,0.2
Classical_ESN,ARMA_1_2_stochastic,0.008369968951597171,0.9,1e-08,10,,,2025,50.0,1.25,0.2
Classical_ESN,ARMA_1_2_stochastic,0.06385567464333919,0.1,1e-08,10,,,2025,100.0,0.9,0.1
Classical_ESN,ARMA_1_2_stochastic,0.09195229590074279,0.3,1e-08,10,,,2025,100.0,0.9,0.1
Classical_ESN,ARMA_1_2_stochastic,0.377644497616794,0.5,1e-08,10,,,2025,100.0,0.9,0.1
Classical_ESN,ARMA_1_2_stochastic,0.06212454840743191,0.7,1e-08,10,,,2025,100.0,0.9,0.1
Classical_ESN,ARMA_1_2_stochastic,0.04824584470374681,0.9,1e-08,10,,,2025,100.0,0.9,0.1
Classical_ESN,ARMA_1_2_stochastic,0.13798096037025911,0.1,1e-08,10,,,2025,100.0,0.9,0.2
Classical_ESN,ARMA_1_2_stochastic,0.05912824715992753,0.3,1e-08,10,,,2025,100.0,0.9,0.2
Classical_ESN,ARMA_1_2_stochastic,0.03362271450617695,0.5,1e-08,10,,,2025,100.0,0.9,0.2
Classical_ESN,ARMA_1_2_stochastic,0.012898630060790247,0.7,1e-08,10,,,2025,100.0,0.9,0.2
Classical_ESN,ARMA_1_2_stochastic,0.019855080604726582,0.9,1e-08,10,,,2025,100.0,0.9,0.2
Classical_ESN,ARMA_1_2_stochastic,25.02369925861537,0.1,1e-08,10,,,2025,100.0,1.1,0.1
Classical_ESN,ARMA_1_2_stochastic,0.032662166100322874,0.3,1e-08,10,,,2025,100.0,1.1,0.1
Classical_ESN,ARMA_1_2_stochastic,0.016282736406396596,0.5,1e-08,10,,,2025,100.0,1.1,0.1
Classical_ESN,ARMA_1_2_stochastic,0.010137366812595871,0.7,1e-08,10,,,2025,100.0,1.1,0.1
Classical_ESN,ARMA_1_2_stochastic,0.008297654086563192,0.9,1e-08,10,,,2025,100.0,1.1,0.1
Classical_ESN,ARMA_1_2_stochastic,0.9644466393002482,0.1,1e-08,10,,,2025,100.0,1.1,0.2
Classical_ESN,ARMA_1_2_stochastic,0.013593693135101028,0.3,1e-08,10,,,2025,100.0,1.1,0.2
Classical_ESN,ARMA_1_2_stochastic,0.0187041513017963,0.5,1e-08,10,,,2025,100.0,1.1,0.2
Classical_ESN,ARMA_1_2_stochastic,0.015049719004373636,0.7,1e-08,10,,,2025,100.0,1.1,0.2
Classical_ESN,ARMA_1_2_stochastic,0.013365616113416618,0.9,1e-08,10,,,2025,100.0,1.1,0.2
Classical_ESN,ARMA_1_2_stochastic,0.9750520816659147,0.1,1e-08,10,,,2025,100.0,1.25,0.1
Classical_ESN,ARMA_1_2_stochastic,0.02271213368146019,0.3,1e-08,10,,,2025,100.0,1.25,0.1
Classical_ESN,ARMA_1_2_stochastic,0.010415389213779068,0.5,1e-08,10,,,2025,100.0,1.25,0.1
Classical_ESN,ARMA_1_2_stochastic,0.009317810036875996,0.7,1e-08,10,,,2025,100.0,1.25,0.1
Classical_ESN,ARMA_1_2_stochastic,0.007986593079526306,0.9,1e-08,10,,,2025,100.0,1.25,0.1
Classical_ESN,ARMA_1_2_stochastic,0.10922031461051089,0.1,1e-08,10,,,2025,100.0,1.25,0.2
Classical_ESN,ARMA_1_2_stochastic,0.020800156781692437,0.3,1e-08,10,,,2025,100.0,1.25,0.2
Classical_ESN,ARMA_1_2_stochastic,0.01741855738677621,0.5,1e-08,10,,,2025,100.0,1.25,0.2
Classical_ESN,ARMA_1_2_stochastic,0.010347294019176828,0.7,1e-08,10,,,2025,100.0,1.25,0.2
Classical_ESN,ARMA_1_2_stochastic,0.008866373242315966,0.9,1e-08,10,,,2025,100.0,1.25,0.2
Classical_ESN,ARMA_1_2_stochastic,0.2700398608661209,0.1,1e-08,10,,,2025,150.0,0.9,0.1
Classical_ESN,ARMA_1_2_stochastic,0.08204905400662955,0.3,1e-08,10,,,2025,150.0,0.9,0.1
Classical_ESN,ARMA_1_2_stochastic,0.08149382749164447,0.5,1e-08,10,,,2025,150.0,0.9,0.1
Classical_ESN,ARMA_1_2_stochastic,0.10583794174159807,0.7,1e-08,10,,,2025,150.0,0.9,0.1
Classical_ESN,ARMA_1_2_stochastic,0.07906361041786707,0.9,1e-08,10,,,2025,150.0,0.9,0.1
Classical_ESN,ARMA_1_2_stochastic,0.04342060643400527,0.1,1e-08,10,,,2025,150.0,0.9,0.2
Classical_ESN,ARMA_1_2_stochastic,0.09912796414396702,0.3,1e-08,10,,,2025,150.0,0.9,0.2
Classical_ESN,ARMA_1_2_stochastic,0.07937182063817172,0.5,1e-08,10,,,2025,150.0,0.9,0.2
Classical_ESN,ARMA_1_2_stochastic,0.03400345981863746,0.7,1e-08,10,,,2025,150.0,0.9,0.2
Classical_ESN,ARMA_1_2_stochastic,0.045881167847900244,0.9,1e-08,10,,,2025,150.0,0.9,0.2
Classical_ESN,ARMA_1_2_stochastic,76.00173034290627,0.1,1e-08,10,,,2025,150.0,1.1,0.1
Classical_ESN,ARMA_1_2_stochastic,0.03874286836437962,0.3,1e-08,10,,,2025,150.0,1.1,0.1
Classical_ESN,ARMA_1_2_stochastic,0.026856723069840382,0.5,1e-08,10,,,2025,150.0,1.1,0.1
Classical_ESN,ARMA_1_2_stochastic,0.015797876560115946,0.7,1e-08,10,,,2025,150.0,1.1,0.1
Classical_ESN,ARMA_1_2_stochastic,0.00921817217780922,0.9,1e-08,10,,,2025,150.0,1.1,0.1
Classical_ESN,ARMA_1_2_stochastic,5.496268757548868,0.1,1e-08,10,,,2025,150.0,1.1,0.2
Classical_ESN,ARMA_1_2_stochastic,0.10019893508077718,0.3,1e-08,10,,,2025,150.0,1.1,0.2
Classical_ESN,ARMA_1_2_stochastic,0.025067690343334288,0.5,1e-08,10,,,2025,150.0,1.1,0.2
Classical_ESN,ARMA_1_2_stochastic,0.013152936574637862,0.7,1e-08,10,,,2025,150.0,1.1,0.2
Classical_ESN,ARMA_1_2_stochastic,0.009954376888589573,0.9,1e-08,10,,,2025,150.0,1.1,0.2
Classical_ESN,ARMA_1_2_stochastic,3.2971868881288016,0.1,1e-08,10,,,2025,150.0,1.25,0.1
Classical_ESN,ARMA_1_2_stochastic,0.05514193799677693,0.3,1e-08,10,,,2025,150.0,1.25,0.1
Classical_ESN,ARMA_1_2_stochastic,0.014748254172312862,0.5,1e-08,10,,,2025,150.0,1.25,0.1
Classical_ESN,ARMA_1_2_stochastic,0.011428533618894333,0.7,1e-08,10,,,2025,150.0,1.25,0.1
Classical_ESN,ARMA_1_2_stochastic,0.009861453124295585,0.9,1e-08,10,,,2025,150.0,1.25,0.1
Classical_ESN,ARMA_1_2_stochastic,4.5685700148249095,0.1,1e-08,10,,,2025,150.0,1.25,0.2
Classical_ESN,ARMA_1_2_stochastic,0.03143794482244825,0.3,1e-08,10,,,2025,150.0,1.25,0.2
Classical_ESN,ARMA_1_2_stochastic,0.012802924508028498,0.5,1e-08,10,,,2025,150.0,1.25,0.2
Classical_ESN,ARMA_1_2_stochastic,0.009418172792495367,0.7,1e-08,10,,,2025,150.0,1.25,0.2
Classical_ESN,ARMA_1_2_stochastic,0.009733682214734063,0.9,1e-08,10,,,2025,150.0,1.25,0.2
QRC,NARMA10_Chaotic,0.010705577281244378,0.1,1e-08,4,2.0,0.0,2025,,,
QRC,NARMA10_Chaotic,0.010619181171264092,0.1,1e-08,4,3.0,0.0,2025,,,
QRC,NARMA10_Chaotic,0.010881096075008855,0.1,1e-08,4,4.0,0.0,2025,,,
QRC,NARMA10_Chaotic,0.011369690529213678,0.1,1e-08,6,2.0,0.0,2025,,,
QRC,NARMA10_Chaotic,0.01126810857255292,0.1,1e-08,6,3.0,0.0,2025,,,
QRC,NARMA10_Chaotic,0.011208297685084958,0.1,1e-08,6,4.0,0.0,2025,,,
QRC,NARMA10_Chaotic,0.01139494564377379,0.1,1e-08,8,2.0,0.0,2025,,,
QRC,NARMA10_Chaotic,0.011109640043933633,0.1,1e-08,8,3.0,0.0,2025,,,
QRC,NARMA10_Chaotic,0.011037946845659471,0.1,1e-08,8,4.0,0.0,2025,,,
QRC,NARMA10_Chaotic,0.010130739679341302,0.1,1e-08,10,2.0,0.0,2025,,,
QRC,NARMA10_Chaotic,0.010118428336303189,0.1,1e-08,10,3.0,0.0,2025,,,
QRC,NARMA10_Chaotic,0.010306527326270219,0.1,1e-08,10,4.0,0.0,2025,,,
QRC,NARMA10_Chaotic,0.010510911062932966,0.3,1e-08,4,2.0,0.0,2025,,,
QRC,NARMA10_Chaotic,0.010587886694845205,0.3,1e-08,4,3.0,0.0,2025,,,
QRC,NARMA10_Chaotic,0.010480662505605625,0.3,1e-08,4,4.0,0.0,2025,,,
QRC,NARMA10_Chaotic,0.010460638809214585,0.3,1e-08,6,2.0,0.0,2025,,,
QRC,NARMA10_Chaotic,0.010502574505261786,0.3,1e-08,6,3.0,0.0,2025,,,
QRC,NARMA10_Chaotic,0.010483237940559532,0.3,1e-08,6,4.0,0.0,2025,,,
QRC,NARMA10_Chaotic,0.010210764795685204,0.3,1e-08,8,2.0,0.0,2025,,,
QRC,NARMA10_Chaotic,0.010231175848428382,0.3,1e-08,8,3.0,0.0,2025,,,
QRC,NARMA10_Chaotic,0.010187474281313105,0.3,1e-08,8,4.0,0.0,2025,,,
QRC,NARMA10_Chaotic,0.009672164296568798,0.3,1e-08,10,2.0,0.0,2025,,,
QRC,NARMA10_Chaotic,0.009773435152928394,0.3,1e-08,10,3.0,0.0,2025,,,
QRC,NARMA10_Chaotic,0.009733784429347447,0.3,1e-08,10,4.0,0.0,2025,,,
QRC,NARMA10_Chaotic,0.01064925669848458,0.5,1e-08,4,2.0,0.0,2025,,,
QRC,NARMA10_Chaotic,0.010763307079488542,0.5,1e-08,4,3.0,0.0,2025,,,
QRC,NARMA10_Chaotic,0.010605802708321056,0.5,1e-08,4,4.0,0.0,2025,,,
QRC,NARMA10_Chaotic,0.010541289624419633,0.5,1e-08,6,2.0,0.0,2025,,,
QRC,NARMA10_Chaotic,0.010529121650010423,0.5,1e-08,6,3.0,0.0,2025,,,
QRC,NARMA10_Chaotic,0.01056835427724561,0.5,1e-08,6,4.0,0.0,2025,,,
QRC,NARMA10_Chaotic,0.010077221441622057,0.5,1e-08,8,2.0,0.0,2025,,,
QRC,NARMA10_Chaotic,0.010125936425301477,0.5,1e-08,8,3.0,0.0,2025,,,
QRC,NARMA10_Chaotic,0.01015515366966804,0.5,1e-08,8,4.0,0.0,2025,,,
QRC,NARMA10_Chaotic,0.009359136879487376,0.5,1e-08,10,2.0,0.0,2025,,,
QRC,NARMA10_Chaotic,0.009467583891864018,0.5,1e-08,10,3.0,0.0,2025,,,
QRC,NARMA10_Chaotic,0.009531441523448852,0.5,1e-08,10,4.0,0.0,2025,,,
QRC,NARMA10_Chaotic,0.010710179738985614,0.7,1e-08,4,2.0,0.0,2025,,,
QRC,NARMA10_Chaotic,0.010835383188053794,0.7,1e-08,4,3.0,0.0,2025,,,
QRC,NARMA10_Chaotic,0.010687423053864933,0.7,1e-08,4,4.0,0.0,2025,,,
QRC,NARMA10_Chaotic,0.01062807675032773,0.7,1e-08,6,2.0,0.0,2025,,,
QRC,NARMA10_Chaotic,0.010588781576648654,0.7,1e-08,6,3.0,0.0,2025,,,
QRC,NARMA10_Chaotic,0.010662396221899134,0.7,1e-08,6,4.0,0.0,2025,,,
QRC,NARMA10_Chaotic,0.01022696548791072,0.7,1e-08,8,2.0,0.0,2025,,,
QRC,NARMA10_Chaotic,0.010249051185329976,0.7,1e-08,8,3.0,0.0,2025,,,
QRC,NARMA10_Chaotic,0.010365021001833723,0.7,1e-08,8,4.0,0.0,2025,,,
QRC,NARMA10_Chaotic,0.009046188827029266,0.7,1e-08,10,2.0,0.0,2025,,,
QRC,NARMA10_Chaotic,0.009132075364789966,0.7,1e-08,10,3.0,0.0,2025,,,
QRC,NARMA10_Chaotic,0.009200862750832641,0.7,1e-08,10,4.0,0.0,2025,,,
QRC,NARMA10_Chaotic,0.010739349002872878,0.9,1e-08,4,2.0,0.0,2025,,,
QRC,NARMA10_Chaotic,0.010863399610336185,0.9,1e-08,4,3.0,0.0,2025,,,
QRC,NARMA10_Chaotic,0.010751630509150909,0.9,1e-08,4,4.0,0.0,2025,,,
QRC,NARMA10_Chaotic,0.010658702618495204,0.9,1e-08,6,2.0,0.0,2025,,,
QRC,NARMA10_Chaotic,0.01061863663626004,0.9,1e-08,6,3.0,0.0,2025,,,
QRC,NARMA10_Chaotic,0.010687298690459432,0.9,1e-08,6,4.0,0.0,2025,,,
QRC,NARMA10_Chaotic,0.010396749128475314,0.9,1e-08,8,2.0,0.0,2025,,,
QRC,NARMA10_Chaotic,0.010399812818083814,0.9,1e-08,8,3.0,0.0,2025,,,
QRC,NARMA10_Chaotic,0.010558621289470943,0.9,1e-08,8,4.0,0.0,2025,,,
QRC,NARMA10_Chaotic,0.008723672922224673,0.9,1e-08,10,2.0,0.0,2025,,,
QRC,NARMA10_Chaotic,0.008828508153006011,0.9,1e-08,10,3.0,0.0,2025,,,
QRC,NARMA10_Chaotic,0.00880853313647265,0.9,1e-08,10,4.0,0.0,2025,,,
Classical_ESN,NARMA10_Chaotic,0.017846011895239707,0.1,1e-08,10,,,2025,50.0,0.9,0.1
Classical_ESN,NARMA10_Chaotic,0.008231923504320865,0.3,1e-08,10,,,2025,50.0,0.9,0.1
Classical_ESN,NARMA10_Chaotic,0.008453440283726325,0.5,1e-08,10,,,2025,50.0,0.9,0.1
Classical_ESN,NARMA10_Chaotic,0.008295722771960458,0.7,1e-08,10,,,2025,50.0,0.9,0.1
Classical_ESN,NARMA10_Chaotic,0.008135981655045347,0.9,1e-08,10,,,2025,50.0,0.9,0.1
Classical_ESN,NARMA10_Chaotic,0.010033894528307366,0.1,1e-08,10,,,2025,50.0,0.9,0.2
Classical_ESN,NARMA10_Chaotic,0.008155272223367007,0.3,1e-08,10,,,2025,50.0,0.9,0.2
Classical_ESN,NARMA10_Chaotic,0.008612740615902502,0.5,1e-08,10,,,2025,50.0,0.9,0.2
Classical_ESN,NARMA10_Chaotic,0.008655725080553432,0.7,1e-08,10,,,2025,50.0,0.9,0.2
Classical_ESN,NARMA10_Chaotic,0.00817499527072132,0.9,1e-08,10,,,2025,50.0,0.9,0.2
Classical_ESN,NARMA10_Chaotic,0.010722678356365213,0.1,1e-08,10,,,2025,50.0,1.1,0.1
Classical_ESN,NARMA10_Chaotic,0.008230595274290696,0.3,1e-08,10,,,2025,50.0,1.1,0.1
Classical_ESN,NARMA10_Chaotic,0.00801283776769052,0.5,1e-08,10,,,2025,50.0,1.1,0.1
Classical_ESN,NARMA10_Chaotic,0.007722834617393628,0.7,1e-08,10,,,2025,50.0,1.1,0.1
Classical_ESN,NARMA10_Chaotic,0.007645453008839533,0.9,1e-08,10,,,2025,50.0,1.1,0.1
Classical_ESN,NARMA10_Chaotic,0.009304576940481207,0.1,1e-08,10,,,2025,50.0,1.1,0.2
Classical_ESN,NARMA10_Chaotic,0.007970277079399058,0.3,1e-08,10,,,2025,50.0,1.1,0.2
Classical_ESN,NARMA10_Chaotic,0.007971731743770092,0.5,1e-08,10,,,2025,50.0,1.1,0.2
Classical_ESN,NARMA10_Chaotic,0.00781899517151888,0.7,1e-08,10,,,2025,50.0,1.1,0.2
Classical_ESN,NARMA10_Chaotic,0.00782044548463458,0.9,1e-08,10,,,2025,50.0,1.1,0.2
Classical_ESN,NARMA10_Chaotic,0.009602691063872595,0.1,1e-08,10,,,2025,50.0,1.25,0.1
Classical_ESN,NARMA10_Chaotic,0.008142783929027262,0.3,1e-08,10,,,2025,50.0,1.25,0.1
Classical_ESN,NARMA10_Chaotic,0.007911205957962039,0.5,1e-08,10,,,2025,50.0,1.25,0.1
Classical_ESN,NARMA10_Chaotic,0.00783137868648862,0.7,1e-08,10,,,2025,50.0,1.25,0.1
Classical_ESN,NARMA10_Chaotic,0.008380703438238978,0.9,1e-08,10,,,2025,50.0,1.25,0.1
Classical_ESN,NARMA10_Chaotic,0.009521281961153991,0.1,1e-08,10,,,2025,50.0,1.25,0.2
Classical_ESN,NARMA10_Chaotic,0.008134542131508894,0.3,1e-08,10,,,2025,50.0,1.25,0.2
Classical_ESN,NARMA10_Chaotic,0.007884253762055614,0.5,1e-08,10,,,2025,50.0,1.25,0.2
Classical_ESN,NARMA10_Chaotic,0.007732551859177038,0.7,1e-08,10,,,2025,50.0,1.25,0.2
Classical_ESN,NARMA10_Chaotic,0.007655024511844322,0.9,1e-08,10,,,2025,50.0,1.25,0.2
Classical_ESN,NARMA10_Chaotic,0.019526284532698727,0.1,1e-08,10,,,2025,100.0,0.9,0.1
Classical_ESN,NARMA10_Chaotic,0.09723611393707214,0.3,1e-08,10,,,2025,100.0,0.9,0.1
Classical_ESN,NARMA10_Chaotic,0.015086965113079063,0.5,1e-08,10,,,2025,100.0,0.9,0.1
Classical_ESN,NARMA10_Chaotic,0.01220564335796887,0.7,1e-08,10,,,2025,100.0,0.9,0.1
Classical_ESN,NARMA10_Chaotic,0.016815541132205354,0.9,1e-08,10,,,2025,100.0,0.9,0.1
Classical_ESN,NARMA10_Chaotic,0.06598826590094603,0.1,1e-08,10,,,2025,100.0,0.9,0.2
Classical_ESN,NARMA10_Chaotic,0.03938409893512195,0.3,1e-08,10,,,2025,100.0,0.9,0.2
Classical_ESN,NARMA10_Chaotic,0.013734783200914267,0.5,1e-08,10,,,2025,100.0,0.9,0.2
Classical_ESN,NARMA10_Chaotic,0.029344813322119204,0.7,1e-08,10,,,2025,100.0,0.9,0.2
Classical_ESN,NARMA10_Chaotic,0.029257728725500688,0.9,1e-08,10,,,2025,100.0,0.9,0.2
Classical_ESN,NARMA10_Chaotic,0.02699065050126263,0.1,1e-08,10,,,2025,100.0,1.1,0.1
Classical_ESN,NARMA10_Chaotic,0.014032456264488987,0.3,1e-08,10,,,2025,100.0,1.1,0.1
Classical_ESN,NARMA10_Chaotic,0.009985685114712163,0.5,1e-08,10,,,2025,100.0,1.1,0.1
Classical_ESN,NARMA10_Chaotic,0.008721436915128136,0.7,1e-08,10,,,2025,100.0,1.1,0.1
Classical_ESN,NARMA10_Chaotic,0.008207384358304504,0.9,1e-08,10,,,2025,100.0,1.1,0.1
Classical_ESN,NARMA10_Chaotic,0.01243560613379469,0.1,1e-08,10,,,2025,100.0,1.1,0.2
Classical_ESN,NARMA10_Chaotic,0.010624457162865223,0.3,1e-08,10,,,2025,100.0,1.1,0.2
Classical_ESN,NARMA10_Chaotic,0.008590236199116594,0.5,1e-08,10,,,2025,100.0,1.1,0.2
Classical_ESN,NARMA10_Chaotic,0.008368756874242735,0.7,1e-08,10,,,2025,100.0,1.1,0.2
Classical_ESN,NARMA10_Chaotic,0.008527821429944923,0.9,1e-08,10,,,2025,100.0,1.1,0.2
Classical_ESN,NARMA10_Chaotic,0.014333085362618968,0.1,1e-08,10,,,2025,100.0,1.25,0.1
Classical_ESN,NARMA10_Chaotic,0.00815054934052242,0.3,1e-08,10,,,2025,100.0,1.25,0.1
Classical_ESN,NARMA10_Chaotic,0.0081312610741269,0.5,1e-08,10,,,2025,100.0,1.25,0.1
Classical_ESN,NARMA10_Chaotic,0.007964269391579865,0.7,1e-08,10,,,2025,100.0,1.25,0.1
Classical_ESN,NARMA10_Chaotic,0.007582881780045872,0.9,1e-08,10,,,2025,100.0,1.25,0.1
Classical_ESN,NARMA10_Chaotic,0.019120972750329607,0.1,1e-08,10,,,2025,100.0,1.25,0.2
Classical_ESN,NARMA10_Chaotic,0.008717153771173554,0.3,1e-08,10,,,2025,100.0,1.25,0.2
Classical_ESN,NARMA10_Chaotic,0.008315532512965363,0.5,1e-08,10,,,2025,100.0,1.25,0.2
Classical_ESN,NARMA10_Chaotic,0.008189561304541394,0.7,1e-08,10,,,2025,100.0,1.25,0.2
Classical_ESN,NARMA10_Chaotic,0.007998272582707612,0.9,1e-08,10,,,2025,100.0,1.25,0.2
Classical_ESN,NARMA10_Chaotic,0.08697597819474105,0.1,1e-08,10,,,2025,150.0,0.9,0.1
Classical_ESN,NARMA10_Chaotic,0.10604179284516264,0.3,1e-08,10,,,2025,150.0,0.9,0.1
Classical_ESN,NARMA10_Chaotic,0.026228358695046573,0.5,1e-08,10,,,2025,150.0,0.9,0.1
Classical_ESN,NARMA10_Chaotic,0.05886622432298437,0.7,1e-08,10,,,2025,150.0,0.9,0.1
Classical_ESN,NARMA10_Chaotic,0.01585741790604742,0.9,1e-08,10,,,2025,150.0,0.9,0.1
Classical_ESN,NARMA10_Chaotic,0.027270490062998358,0.1,1e-08,10,,,2025,150.0,0.9,0.2
Classical_ESN,NARMA10_Chaotic,0.2419639308673628,0.3,1e-08,10,,,2025,150.0,0.9,0.2
Classical_ESN,NARMA10_Chaotic,0.08914826421920279,0.5,1e-08,10,,,2025,150.0,0.9,0.2
Classical_ESN,NARMA10_Chaotic,0.0464753616477129,0.7,1e-08,10,,,2025,150.0,0.9,0.2
Classical_ESN,NARMA10_Chaotic,0.022958438875504323,0.9,1e-08,10,,,2025,150.0,0.9,0.2
Classical_ESN,NARMA10_Chaotic,0.06037354815083994,0.1,1e-08,10,,,2025,150.0,1.1,0.1
Classical_ESN,NARMA10_Chaotic,0.016772236346221783,0.3,1e-08,10,,,2025,150.0,1.1,0.1
Classical_ESN,NARMA10_Chaotic,0.00928184359995668,0.5,1e-08,10,,,2025,150.0,1.1,0.1
Classical_ESN,NARMA10_Chaotic,0.008630016172832418,0.7,1e-08,10,,,2025,150.0,1.1,0.1
Classical_ESN,NARMA10_Chaotic,0.00843712188042778,0.9,1e-08,10,,,2025,150.0,1.1,0.1
Classical_ESN,NARMA10_Chaotic,0.0863633895631865,0.1,1e-08,10,,,2025,150.0,1.1,0.2
Classical_ESN,NARMA10_Chaotic,0.016733171678675825,0.3,1e-08,10,,,2025,150.0,1.1,0.2
Classical_ESN,NARMA10_Chaotic,0.012198134614291235,0.5,1e-08,10,,,2025,150.0,1.1,0.2
Classical_ESN,NARMA10_Chaotic,0.010599703906783355,0.7,1e-08,10,,,2025,150.0,1.1,0.2
Classical_ESN,NARMA10_Chaotic,0.008201263821504714,0.9,1e-08,10,,,2025,150.0,1.1,0.2
Classical_ESN,NARMA10_Chaotic,0.016922026930681892,0.1,1e-08,10,,,2025,150.0,1.25,0.1
Classical_ESN,NARMA10_Chaotic,0.00878195110739692,0.3,1e-08,10,,,2025,150.0,1.25,0.1
Classical_ESN,NARMA10_Chaotic,0.007942808167331793,0.5,1e-08,10,,,2025,150.0,1.25,0.1
Classical_ESN,NARMA10_Chaotic,0.007784332466083723,0.7,1e-08,10,,,2025,150.0,1.25,0.1
Classical_ESN,NARMA10_Chaotic,0.008798891697510558,0.9,1e-08,10,,,2025,150.0,1.25,0.1
Classical_ESN,NARMA10_Chaotic,0.245495622289778,0.1,1e-08,10,,,2025,150.0,1.25,0.2
Classical_ESN,NARMA10_Chaotic,0.009717545234272118,0.3,1e-08,10,,,2025,150.0,1.25,0.2
Classical_ESN,NARMA10_Chaotic,0.008554601659189425,0.5,1e-08,10,,,2025,150.0,1.25,0.2
Classical_ESN,NARMA10_Chaotic,0.008263464669769146,0.7,1e-08,10,,,2025,150.0,1.25,0.2
Classical_ESN,NARMA10_Chaotic,0.008076682362816832,0.9,1e-08,10,,,2025,150.0,1.25,0.2
QRC,NARMA5_Chaotic,0.016340367373242456,0.1,1e-08,4,2.0,0.0,2025,,,
QRC,NARMA5_Chaotic,0.016405110263662794,0.1,1e-08,4,3.0,0.0,2025,,,
QRC,NARMA5_Chaotic,0.01652801609799123,0.1,1e-08,4,4.0,0.0,2025,,,
QRC,NARMA5_Chaotic,0.013364787936210897,0.1,1e-08,6,2.0,0.0,2025,,,
QRC,NARMA5_Chaotic,0.013361958261074008,0.1,1e-08,6,3.0,0.0,2025,,,
QRC,NARMA5_Chaotic,0.013356872715526855,0.1,1e-08,6,4.0,0.0,2025,,,
QRC,NARMA5_Chaotic,0.012914025706547561,0.1,1e-08,8,2.0,0.0,2025,,,
QRC,NARMA5_Chaotic,0.01285426606988254,0.1,1e-08,8,3.0,0.0,2025,,,
QRC,NARMA5_Chaotic,0.012662730633328904,0.1,1e-08,8,4.0,0.0,2025,,,
QRC,NARMA5_Chaotic,0.013373644999384966,0.1,1e-08,10,2.0,0.0,2025,,,
QRC,NARMA5_Chaotic,0.013890562431518537,0.1,1e-08,10,3.0,0.0,2025,,,
QRC,NARMA5_Chaotic,0.013492725070381482,0.1,1e-08,10,4.0,0.0,2025,,,
QRC,NARMA5_Chaotic,0.015620280167377687,0.3,1e-08,4,2.0,0.0,2025,,,
QRC,NARMA5_Chaotic,0.015626788258737114,0.3,1e-08,4,3.0,0.0,2025,,,
QRC,NARMA5_Chaotic,0.015539342094432914,0.3,1e-08,4,4.0,0.0,2025,,,
QRC,NARMA5_Chaotic,0.012857924859486761,0.3,1e-08,6,2.0,0.0,2025,,,
QRC,NARMA5_Chaotic,0.012842271983629982,0.3,1e-08,6,3.0,0.0,2025,,,
QRC,NARMA5_Chaotic,0.012776422645988918,0.3,1e-08,6,4.0,0.0,2025,,,
QRC,NARMA5_Chaotic,0.01270664335239117,0.3,1e-08,8,2.0,0.0,2025,,,
QRC,NARMA5_Chaotic,0.01268390163403803,0.3,1e-08,8,3.0,0.0,2025,,,
QRC,NARMA5_Chaotic,0.012516435339031632,0.3,1e-08,8,4.0,0.0,2025,,,
QRC,NARMA5_Chaotic,0.012908604371737607,0.3,1e-08,10,2.0,0.0,2025,,,
QRC,NARMA5_Chaotic,0.01283029997025129,0.3,1e-08,10,3.0,0.0,2025,,,
QRC,NARMA5_Chaotic,0.012754155512274361,0.3,1e-08,10,4.0,0.0,2025,,,
QRC,NARMA5_Chaotic,0.015023390873520275,0.5,1e-08,4,2.0,0.0,2025,,,
QRC,NARMA5_Chaotic,0.015055544361281308,0.5,1e-08,4,3.0,0.0,2025,,,
QRC,NARMA5_Chaotic,0.01505516093869929,0.5,1e-08,4,4.0,0.0,2025,,,
QRC,NARMA5_Chaotic,0.012871951763314302,0.5,1e-08,6,2.0,0.0,2025,,,
QRC,NARMA5_Chaotic,0.012898540060010004,0.5,1e-08,6,3.0,0.0,2025,,,
QRC,NARMA5_Chaotic,0.012783097590724877,0.5,1e-08,6,4.0,0.0,2025,,,
QRC,NARMA5_Chaotic,0.012715618273039913,0.5,1e-08,8,2.0,0.0,2025,,,
QRC,NARMA5_Chaotic,0.012708318849250536,0.5,1e-08,8,3.0,0.0,2025,,,
QRC,NARMA5_Chaotic,0.012657861213804994,0.5,1e-08,8,4.0,0.0,2025,,,
QRC,NARMA5_Chaotic,0.012750560224102021,0.5,1e-08,10,2.0,0.0,2025,,,
QRC,NARMA5_Chaotic,0.012733679113653404,0.5,1e-08,10,3.0,0.0,2025,,,
QRC,NARMA5_Chaotic,0.012571605707497054,0.5,1e-08,10,4.0,0.0,2025,,,
QRC,NARMA5_Chaotic,0.015058820749855312,0.7,1e-08,4,2.0,0.0,2025,,,
QRC,NARMA5_Chaotic,0.015071692723953848,0.7,1e-08,4,3.0,0.0,2025,,,
QRC,NARMA5_Chaotic,0.015083756201482128,0.7,1e-08,4,4.0,0.0,2025,,,
QRC,NARMA5_Chaotic,0.012931072565658178,0.7,1e-08,6,2.0,0.0,2025,,,
QRC,NARMA5_Chaotic,0.012941202441568891,0.7,1e-08,6,3.0,0.0,2025,,,
QRC,NARMA5_Chaotic,0.012820203531537764,0.7,1e-08,6,4.0,0.0,2025,,,
QRC,NARMA5_Chaotic,0.012838401674788698,0.7,1e-08,8,2.0,0.0,2025,,,
QRC,NARMA5_Chaotic,0.012835033176285586,0.7,1e-08,8,3.0,0.0,2025,,,
QRC,NARMA5_Chaotic,0.01281241917622162,0.7,1e-08,8,4.0,0.0,2025,,,
QRC,NARMA5_Chaotic,0.012659478020899617,0.7,1e-08,10,2.0,0.0,2025,,,
QRC,NARMA5_Chaotic,0.01273744456824238,0.7,1e-08,10,3.0,0.0,2025,,,
QRC,NARMA5_Chaotic,0.012626179134851081,0.7,1e-08,10,4.0,0.0,2025,,,
QRC,NARMA5_Chaotic,0.015472263781072599,0.9,1e-08,4,2.0,0.0,2025,,,
QRC,NARMA5_Chaotic,0.01546326538354488,0.9,1e-08,4,3.0,0.0,2025,,,
QRC,NARMA5_Chaotic,0.015515804769850856,0.9,1e-08,4,4.0,0.0,2025,,,
QRC,NARMA5_Chaotic,0.012989528154619531,0.9,1e-08,6,2.0,0.0,2025,,,
QRC,NARMA5_Chaotic,0.012956965733211057,0.9,1e-08,6,3.0,0.0,2025,,,
QRC,NARMA5_Chaotic,0.012886379564086628,0.9,1e-08,6,4.0,0.0,2025,,,
QRC,NARMA5_Chaotic,0.012965366811491099,0.9,1e-08,8,2.0,0.0,2025,,,
QRC,NARMA5_Chaotic,0.012931545928829046,0.9,1e-08,8,3.0,0.0,2025,,,
QRC,NARMA5_Chaotic,0.01298370106919885,0.9,1e-08,8,4.0,0.0,2025,,,
QRC,NARMA5_Chaotic,0.012764907112470232,0.9,1e-08,10,2.0,0.0,2025,,,
QRC,NARMA5_Chaotic,0.012755512825197008,0.9,1e-08,10,3.0,0.0,2025,,,
QRC,NARMA5_Chaotic,0.012725328588987086,0.9,1e-08,10,4.0,0.0,2025,,,
Classical_ESN,NARMA5_Chaotic,0.013438577028465213,0.1,1e-08,10,,,2025,50.0,0.9,0.1
Classical_ESN,NARMA5_Chaotic,0.013231837595754865,0.3,1e-08,10,,,2025,50.0,0.9,0.1
Classical_ESN,NARMA5_Chaotic,0.012206923339338035,0.5,1e-08,10,,,2025,50.0,0.9,0.1
Classical_ESN,NARMA5_Chaotic,0.012422350422300249,0.7,1e-08,10,,,2025,50.0,0.9,0.1
Classical_ESN,NARMA5_Chaotic,0.012314405120005539,0.9,1e-08,10,,,2025,50.0,0.9,0.1
Classical_ESN,NARMA5_Chaotic,0.018469434557806096,0.1,1e-08,10,,,2025,50.0,0.9,0.2
Classical_ESN,NARMA5_Chaotic,0.013453322060626214,0.3,1e-08,10,,,2025,50.0,0.9,0.2
Classical_ESN,NARMA5_Chaotic,0.0127094465965364,0.5,1e-08,10,,,2025,50.0,0.9,0.2
Classical_ESN,NARMA5_Chaotic,0.012279830210611532,0.7,1e-08,10,,,2025,50.0,0.9,0.2
Classical_ESN,NARMA5_Chaotic,0.012604951324609549,0.9,1e-08,10,,,2025,50.0,0.9,0.2
Classical_ESN,NARMA5_Chaotic,0.012873712694783108,0.1,1e-08,10,,,2025,50.0,1.1,0.1
Classical_ESN,NARMA5_Chaotic,0.012536483007446968,0.3,1e-08,10,,,2025,50.0,1.1,0.1
Classical_ESN,NARMA5_Chaotic,0.012261779257339322,0.5,1e-08,10,,,2025,50.0,1.1,0.1
Classical_ESN,NARMA5_Chaotic,0.012172649528987094,0.7,1e-08,10,,,2025,50.0,1.1,0.1
Classical_ESN,NARMA5_Chaotic,0.012112619486859275,0.9,1e-08,10,,,2025,50.0,1.1,0.1
Classical_ESN,NARMA5_Chaotic,0.013454135724676826,0.1,1e-08,10,,,2025,50.0,1.1,0.2
Classical_ESN,NARMA5_Chaotic,0.012629371159675194,0.3,1e-08,10,,,2025,50.0,1.1,0.2
Classical_ESN,NARMA5_Chaotic,0.012255128698843659,0.5,1e-08,10,,,2025,50.0,1.1,0.2
Classical_ESN,NARMA5_Chaotic,0.01223722368241771,0.7,1e-08,10,,,2025,50.0,1.1,0.2
Classical_ESN,NARMA5_Chaotic,0.012172839166150732,0.9,1e-08,10,,,2025,50.0,1.1,0.2
Classical_ESN,NARMA5_Chaotic,0.013427886070250515,0.1,1e-08,10,,,2025,50.0,1.25,0.1
Classical_ESN,NARMA5_Chaotic,0.01247571965377456,0.3,1e-08,10,,,2025,50.0,1.25,0.1
Classical_ESN,NARMA5_Chaotic,0.01245113937137071,0.5,1e-08,10,,,2025,50.0,1.25,0.1
Classical_ESN,NARMA5_Chaotic,0.012154412802096108,0.7,1e-08,10,,,2025,50.0,1.25,0.1
Classical_ESN,NARMA5_Chaotic,0.013491590531961655,0.9,1e-08,10,,,2025,50.0,1.25,0.1
Classical_ESN,NARMA5_Chaotic,0.012498257152392755,0.1,1e-08,10,,,2025,50.0,1.25,0.2
Classical_ESN,NARMA5_Chaotic,0.012608077933004414,0.3,1e-08,10,,,2025,50.0,1.25,0.2
Classical_ESN,NARMA5_Chaotic,0.012321767228406031,0.5,1e-08,10,,,2025,50.0,1.25,0.2
Classical_ESN,NARMA5_Chaotic,0.012187057683142299,0.7,1e-08,10,,,2025,50.0,1.25,0.2
Classical_ESN,NARMA5_Chaotic,0.012092057227998344,0.9,1e-08,10,,,2025,50.0,1.25,0.2
Classical_ESN,NARMA5_Chaotic,0.016773678409926374,0.1,1e-08,10,,,2025,100.0,0.9,0.1
Classical_ESN,NARMA5_Chaotic,0.014247889996104515,0.3,1e-08,10,,,2025,100.0,0.9,0.1
Classical_ESN,NARMA5_Chaotic,0.024520191969892968,0.5,1e-08,10,,,2025,100.0,0.9,0.1
Classical_ESN,NARMA5_Chaotic,0.013685333701552392,0.7,1e-08,10,,,2025,100.0,0.9,0.1
Classical_ESN,NARMA5_Chaotic,0.016069978070540256,0.9,1e-08,10,,,2025,100.0,0.9,0.1
Classical_ESN,NARMA5_Chaotic,0.013566481927694421,0.1,1e-08,10,,,2025,100.0,0.9,0.2
Classical_ESN,NARMA5_Chaotic,0.014204522513230209,0.3,1e-08,10,,,2025,100.0,0.9,0.2
Classical_ESN,NARMA5_Chaotic,0.018266733816816216,0.5,1e-08,10,,,2025,100.0,0.9,0.2
Classical_ESN,NARMA5_Chaotic,0.014234834894971184,0.7,1e-08,10,,,2025,100.0,0.9,0.2
Classical_ESN,NARMA5_Chaotic,0.013751486233176425,0.9,1e-08,10,,,2025,100.0,0.9,0.2
Classical_ESN,NARMA5_Chaotic,0.015564369759043994,0.1,1e-08,10,,,2025,100.0,1.1,0.1
Classical_ESN,NARMA5_Chaotic,0.014601906456186272,0.3,1e-08,10,,,2025,100.0,1.1,0.1
Classical_ESN,NARMA5_Chaotic,0.012380516950051452,0.5,1e-08,10,,,2025,100.0,1.1,0.1
Classical_ESN,NARMA5_Chaotic,0.013177085198736326,0.7,1e-08,10,,,2025,100.0,1.1,0.1
Classical_ESN,NARMA5_Chaotic,0.012744602270002764,0.9,1e-08,10,,,2025,100.0,1.1,0.1
Classical_ESN,NARMA5_Chaotic,0.021389021222445313,0.1,1e-08,10,,,2025,100.0,1.1,0.2
Classical_ESN,NARMA5_Chaotic,0.013016173921019954,0.3,1e-08,10,,,2025,100.0,1.1,0.2
Classical_ESN,NARMA5_Chaotic,0.01331340605097881,0.5,1e-08,10,,,2025,100.0,1.1,0.2
Classical_ESN,NARMA5_Chaotic,0.012435739205408127,0.7,1e-08,10,,,2025,100.0,1.1,0.2
Classical_ESN,NARMA5_Chaotic,0.012858166846860948,0.9,1e-08,10,,,2025,100.0,1.1,0.2
Classical_ESN,NARMA5_Chaotic,0.015682235245010077,0.1,1e-08,10,,,2025,100.0,1.25,0.1
Classical_ESN,NARMA5_Chaotic,0.013362929646184915,0.3,1e-08,10,,,2025,100.0,1.25,0.1
Classical_ESN,NARMA5_Chaotic,0.012185338213989162,0.5,1e-08,10,,,2025,100.0,1.25,0.1
Classical_ESN,NARMA5_Chaotic,0.01215057055258386,0.7,1e-08,10,,,2025,100.0,1.25,0.1
Classical_ESN,NARMA5_Chaotic,0.012270383782983335,0.9,1e-08,10,,,2025,100.0,1.25,0.1
Classical_ESN,NARMA5_Chaotic,0.015310031274681623,0.1,1e-08,10,,,2025,100.0,1.25,0.2
Classical_ESN,NARMA5_Chaotic,0.013533382034229552,0.3,1e-08,10,,,2025,100.0,1.25,0.2
Classical_ESN,NARMA5_Chaotic,0.012741386180856596,0.5,1e-08,10,,,2025,100.0,1.25,0.2
Classical_ESN,NARMA5_Chaotic,0.01231230553141194,0.7,1e-08,10,,,2025,100.0,1.25,0.2
Classical_ESN,NARMA5_Chaotic,0.012550196865453275,0.9,1e-08,10,,,2025,100.0,1.25,0.2
Classical_ESN,NARMA5_Chaotic,0.08254076429481075,0.1,1e-08,10,,,2025,150.0,0.9,0.1
Classical_ESN,NARMA5_Chaotic,0.03373948889747854,0.3,1e-08,10,,,2025,150.0,0.9,0.1
Classical_ESN,NARMA5_Chaotic,0.02395374142720945,0.5,1e-08,10,,,2025,150.0,0.9,0.1
Classical_ESN,NARMA5_Chaotic,0.024253722763174383,0.7,1e-08,10,,,2025,150.0,0.9,0.1
Classical_ESN,NARMA5_Chaotic,0.01548465983492087,0.9,1e-08,10,,,2025,150.0,0.9,0.1
Classical_ESN,NARMA5_Chaotic,0.12690692580577392,0.1,1e-08,10,,,2025,150.0,0.9,0.2
Classical_ESN,NARMA5_Chaotic,0.014961380079744856,0.3,1e-08,10,,,2025,150.0,0.9,0.2
Classical_ESN,NARMA5_Chaotic,0.01968584203410784,0.5,1e-08,10,,,2025,150.0,0.9,0.2
Classical_ESN,NARMA5_Chaotic,0.02767876537062543,0.7,1e-08,10,,,2025,150.0,0.9,0.2
Classical_ESN,NARMA5_Chaotic,0.023135731161334373,0.9,1e-08,10,,,2025,150.0,0.9,0.2
Classical_ESN,NARMA5_Chaotic,0.03635437687189364,0.1,1e-08,10,,,2025,150.0,1.1,0.1
Classical_ESN,NARMA5_Chaotic,0.013611907168972452,0.3,1e-08,10,,,2025,150.0,1.1,0.1
Classical_ESN,NARMA5_Chaotic,0.012695805480367047,0.5,1e-08,10,,,2025,150.0,1.1,0.1
Classical_ESN,NARMA5_Chaotic,0.014046508425776164,0.7,1e-08,10,,,2025,150.0,1.1,0.1
Classical_ESN,NARMA5_Chaotic,0.012391504980984172,0.9,1e-08,10,,,2025,150.0,1.1,0.1
Classical_ESN,NARMA5_Chaotic,0.041493871640646864,0.1,1e-08,10,,,2025,150.0,1.1,0.2
Classical_ESN,NARMA5_Chaotic,0.03745467667774033,0.3,1e-08,10,,,2025,150.0,1.1,0.2
Classical_ESN,NARMA5_Chaotic,0.024749233790654242,0.5,1e-08,10,,,2025,150.0,1.1,0.2
Classical_ESN,NARMA5_Chaotic,0.013881251131595058,0.7,1e-08,10,,,2025,150.0,1.1,0.2
Classical_ESN,NARMA5_Chaotic,0.013162534683201778,0.9,1e-08,10,,,2025,150.0,1.1,0.2
Classical_ESN,NARMA5_Chaotic,0.03604675546837288,0.1,1e-08,10,,,2025,150.0,1.25,0.1
Classical_ESN,NARMA5_Chaotic,0.012995256603990908,0.3,1e-08,10,,,2025,150.0,1.25,0.1
Classical_ESN,NARMA5_Chaotic,0.012286984067244435,0.5,1e-08,10,,,2025,150.0,1.25,0.1
Classical_ESN,NARMA5_Chaotic,0.012428438076319824,0.7,1e-08,10,,,2025,150.0,1.25,0.1
Classical_ESN,NARMA5_Chaotic,0.013324020725790827,0.9,1e-08,10,,,2025,150.0,1.25,0.1
Classical_ESN,NARMA5_Chaotic,0.04071057816684572,0.1,1e-08,10,,,2025,150.0,1.25,0.2
Classical_ESN,NARMA5_Chaotic,0.013727777289354455,0.3,1e-08,10,,,2025,150.0,1.25,0.2
Classical_ESN,NARMA5_Chaotic,0.015430005300498595,0.5,1e-08,10,,,2025,150.0,1.25,0.2
Classical_ESN,NARMA5_Chaotic,0.013351052941142414,0.7,1e-08,10,,,2025,150.0,1.25,0.2
Classical_ESN,NARMA5_Chaotic,0.019969010395136502,0.9,1e-08,10,,,2025,150.0,1.25,0.2
